Player_id,Player,Age,Country,Height,Weight,isRightHanded,isBackhandTwoHands,Turned_Pro,Prize_Money,Titles,Grand_Slam,Masters,Finals,Current_Rank,Best_Rank,Current_Elo_Rank,Best_Elo_Rank,Pick_Elo_Rank,Goat_Rank,Hard,Clay,Grass,Carpet,Grand_Slam.1,Tour_Finals,Masters.1,Olympics,ATP_500,ATP_250,Davis_Cup,Deciding_Set,Fifth_Set,After_Winning_1st_Set,After_Losing_1st_Set,Tie-Breaks,Deciding_Set_Tie-Breaks,Outdoor,Indoor,Best_of_3,Best_of_5,Vs_No._1,Vs_Top_5,Vs_Top_10,Vs_Top_20,Vs_Top_50,Vs_Top_100,Final,For_Bronze_Medal,Semi-Final,Quarter-Final,Round_of_16,Round_of_32,Round_of_64,Round_of_128,Round-Robin,Very_Fast,Fast,Medium_Fast,Medium,Medium_Slow,Slow,Very_Slow,Best_of_3:_2:0,Best_of_3:_2:1,Best_of_3:_1:2,Best_of_3:_0:2,Best_of_5:_3:0,Best_of_5:_3:1,Best_of_5:_3:2,Best_of_5:_2:3,Best_of_5:_1:3,Best_of_5:_0:3,Break_Points_Ratio,Tie-Breaks_per_Match,Points_Dominance,Return_Games_Won_%,Point_Time_(seconds),BPs_per_Return_Game,DFs_per_Svc._Game,Points_per_Service_Game,Pts._Lost_per_Svc._Game,Opponent_Elo_Rating,Ace_%,Set_Time_(minutes),BPs_Faced_per_Match,Game_Time_(minutes),Break_Points_Won_%,Service_Games_Won_%,Tie-Breaks_per_Set_%,Pts._Won_per_Rtn._Game,Opponent_Rank,Points_per_Match,DFs_per_Set,Pts._to_Matches_Over-Perf.,Upsets_against,Svc._Gms._Lost_per_Match,Total_Points_Won_%,BPs_Faced_per_Set,Upsets,Rtn._In-play_Pts._Won_%,1st_Srv._Return_Won_%,BPs_per_Set,Aces_per_Match,Double_Fault_%,Aces_per_Svc._Game,Sets_Won,DFs_per_2nd_Serve_%,Rtn._Gms._Won_per_Set,Double_Fault_Against_%,BPs_per_Svc._Game,BPs_Saved_Over-Perf.,2nd_Srv._Return_Won_%,Matches_Played,Upsets_against_%,Match_Time,Double_Faults_Against,Upsets_scored_%,Svc._In-play_Pts._Won_%,Break_Points_Saved_%,Gms._to_Sets_Over-Perf.,BPs_Over-Performing,Total_Games_Won,Svc._Gms._Lost_per_Set,Aces_/_DFs_Ratio,Pts._to_Gms._Over-Perf.,Gms._to_Matches_Ov.-Perf.,BPs_per_Match,Tie-Breaks_Won_%,Rtn._Gms._Won_per_Match,Aces,Aces_per_Set,2nd_Serve_Won_%,Sets_Won_%,Rtn._to_Svc._Points_Ratio,BPs_Conv._Over-Perf.,Points_per_Return_Game,Service_Points_Won_%,Total_Points_Played,Upsets_%,Upsets_scored,Games_per_Match,Double_Faults,1st_Serve_%,Sets_Played,Total_Games_Played,Points_per_Game,Ace_Against,Games_Dominance,1st_Serve_Won_%,Games_Won_%,DFs_per_Match,Tie-Breaks_Won,S._Pts._to_S._Gms._Ov.-Perf.,Matches_Won_%,Points_per_Set,Total_Points_Won,R._Pts._to_R._Gms._Ov.-Perf.,Sets_to_Matches_Ov.-Perf.,Return_Points_Won_%,Tie-Breaks_Played,Matches_Won,Pts._to_Sets_Over-Perf.,Pts._to_TBs._Over-Perf.,Ace_Against_%,Games_per_Set,Sets_per_Match
4920,Novak Djokovic,31,Serbia,77.0,188.0,True,True,2003,125772589,73,15,32,5,1,1,1,1,2629,2,84.3,79.4,83.0,69.2,86.6,74.5,82.0,69.2,85.7,77.2,81.6,74.3,76.3,96.1,42.5,63.3,71.4,83.9,76.5,81.2,86.0,43.3,60.3,68.8,72.2,79.0,81.8,68.6,50.0,72.7,82.5,87.2,90.1,86.8,94.8,74.3,83.1,81.9,82.8,86.4,83.7,73.8,75.7,60.0,21.5,7.6,11.0,57.9,20.4,9.0,2.8,5.0,5.0,1.28,0.36,1.28,32.2,0.6933333333333334,0.73,0.18,6.18,2.03,2044,7.0,42.0,5.2,4.45,44.2,85.7,13.7,2.8,23,158.2,0.86,1.52,121,1.8,54.4,1.98,179,42.8,33.6,3.38,5.4,2.9,0.43,2041,8.3,1.49,3.5,0.41,0.98,55.2,1022,11.9,109.0,2769,5.7,66.7,65.4,1.28,0.96,15036,0.68,2.39,1.09,1.4,8.8,63.3,3.9,5296,2.06,55.5,75.8,1.05,1.05,6.65,67.1,155526,17.5,58,24.8,2212,64.9,2693,25396,6.41,4948,2.25,73.4,59.2,2.3,233,1.28,82.8,60.4,84535,0.76,1.09,42.2,368,846,1.39,1.16,6.2,9.43,2.64
4742,Rafael Nadal,32,Spain,85.0,185.0,False,True,2001,0,80,17,33,0,2,1,2,1,2552,3,77.4,92.0,77.6,25.0,87.2,55.2,82.5,83.3,87.2,74.1,96.0,68.6,65.6,95.0,42.8,61.0,52.9,84.8,65.4,80.9,87.9,51.4,59.7,65.3,71.6,77.5,82.0,68.4,0.0,76.3,76.6,88.9,89.4,88.7,96.4,63.6,73.7,77.1,77.3,85.2,89.8,93.2,94.2,63.9,17.4,7.8,11.0,63.7,18.0,6.8,3.5,3.9,4.2,1.34,0.33,1.3,33.3,0.7483333333333333,0.74,0.13,6.12,2.0,2020,4.1,44.4,5.1,4.75,44.9,85.6,13.1,2.79,27,150.5,0.62,1.52,141,1.7,54.4,2.01,195,43.7,34.2,3.46,3.0,2.2,0.25,2198,6.9,1.55,3.4,0.43,0.99,55.3,1114,12.7,112.0,2905,4.8,67.4,66.3,1.3,0.97,15842,0.68,1.87,1.1,1.39,8.8,61.0,3.9,3219,1.16,57.3,77.3,1.07,1.06,6.57,67.2,163919,17.5,54,23.8,1717,68.6,2843,26544,6.34,6114,2.31,71.8,59.7,1.6,227,1.27,82.9,59.3,89229,0.79,1.07,42.4,372,924,1.42,1.12,7.2,9.34,2.55
644,Alexander Zverev,21,Germany,86.0,198.0,True,True,2013,15747928,10,0,3,1,3,3,7,5,2231,69,64.1,70.7,66.7,0.0,62.5,62.5,69.2,0.0,67.1,67.2,50.0,60.6,60.0,83.8,34.7,57.1,90.0,67.7,60.8,67.7,60.4,33.3,47.4,46.3,50.0,59.5,63.2,66.7,0.0,55.6,72.2,69.2,63.0,69.7,83.3,50.0,58.7,63.5,79.3,70.8,56.0,72.7,66.7,43.8,23.5,15.2,17.5,33.3,8.3,18.8,12.5,16.7,10.4,1.09,0.42,1.08,24.4,0.6066666666666667,0.57,0.3,6.28,2.21,1979,9.2,37.3,6.1,3.83,42.9,81.5,15.8,2.41,34,161.9,1.45,1.29,40,2.4,51.3,2.29,80,37.9,29.7,2.76,7.4,4.7,0.58,434,12.7,1.18,3.6,0.47,0.94,50.7,268,14.9,98.0,785,14.9,64.7,60.8,1.16,0.99,3639,0.9,1.94,1.03,1.25,7.3,57.1,3.1,1982,2.8,51.2,61.4,1.01,1.13,6.36,64.9,43397,29.9,40,25.6,1024,62.7,707,6873,6.31,1298,1.32,73.0,52.9,3.8,64,1.26,66.4,61.4,22267,0.64,1.08,37.9,112,178,1.2,1.11,6.0,9.72,2.64
5216,Juan Martin Del Potro,30,Argentina,97.0,198.0,True,True,2005,25359003,22,1,1,0,4,3,4,3,2329,33,72.2,70.9,69.6,75.0,72.9,46.7,65.6,83.3,78.9,72.7,78.9,68.6,43.8,92.6,32.0,58.9,80.0,71.9,71.5,71.4,73.0,43.5,35.2,40.8,52.2,64.7,69.8,62.9,100.0,57.6,65.1,71.7,77.1,74.3,90.9,56.3,69.6,69.1,69.2,77.3,73.3,72.7,40.0,52.3,20.6,8.1,19.0,46.5,21.8,4.9,6.3,9.9,10.6,1.14,0.44,1.16,25.3,0.7366666666666667,0.61,0.19,6.18,2.06,2010,9.8,45.2,5.1,4.65,41.8,84.9,17.4,2.48,28,155.2,0.91,1.37,61,1.9,52.4,2.01,187,40.1,29.9,2.95,7.4,3.0,0.61,1023,8.3,1.23,3.5,0.41,0.95,51.8,599,10.2,114.0,1599,21.1,65.3,63.3,1.22,0.96,8179,0.74,3.25,1.05,1.3,7.5,58.9,3.1,4328,2.95,53.2,67.2,1.04,1.08,6.42,66.8,90167,31.3,126,24.7,1332,63.8,1523,14821,6.3,4145,1.67,74.5,55.2,2.3,156,1.27,71.8,61.4,47266,0.66,1.07,38.6,265,430,1.28,1.12,9.0,9.73,2.54
4728,Kevin Anderson,32,South Africa,0.0,203.0,True,True,2007,15732933,6,0,0,0,5,5,8,7,2182,114,0.0,0.0,0.0,0.0,0.0,0.0,0.0,0.0,0.0,0.0,0.0,0.0,0.0,0.0,0.0,0.0,0.0,0.0,0.0,0.0,0.0,0.0,0.0,0.0,0.0,0.0,0.0,0.0,0.0,0.0,0.0,0.0,0.0,0.0,0.0,0.0,0.0,0.0,0.0,0.0,0.0,0.0,0.0,0.0,0.0,0.0,0.0,0.0,0.0,0.0,0.0,0.0,0.0,1.05,0.64,1.09,16.4,0.6516666666666667,0.46,0.23,6.18,1.95,1960,15.5,41.3,5.1,4.09,36.0,86.8,24.4,2.19,39,165.6,1.15,1.16,95,1.8,51.2,1.97,164,34.5,26.3,2.29,12.7,3.7,0.95,806,10.4,0.82,3.7,0.39,0.96,47.0,544,17.5,107.0,1636,12.7,65.6,65.9,1.08,0.97,7487,0.67,4.2,1.01,1.14,6.0,55.0,2.2,6769,4.84,53.2,56.4,1.02,1.05,6.39,68.5,88593,30.1,69,26.5,1610,64.6,1430,14408,6.28,3268,1.24,76.9,52.0,3.0,192,1.27,59.4,63.4,45377,0.48,1.05,34.4,349,323,1.1,1.07,7.3,10.08,2.63
3819,Roger Federer,37,Switzerland,85.0,185.0,True,False,1998,120514916,99,20,27,6,6,1,3,1,2550,1,83.4,75.9,87.1,72.5,86.1,79.2,77.8,72.2,86.7,80.6,83.3,64.9,58.0,93.3,41.1,64.8,55.0,82.5,79.9,80.5,84.8,34.5,59.3,65.3,70.2,77.8,80.7,66.0,0.0,75.1,81.0,85.9,87.6,85.1,90.9,85.4,83.0,83.1,84.7,80.8,80.2,76.2,77.4,60.2,20.1,10.3,9.5,63.2,15.2,6.3,4.5,5.6,5.2,0.0,0.0,0.0,0.0,0.0,0.0,0.0,0.0,0.0,0,0.0,0.0,0.0,0.0,0.0,0.0,0.0,0.0,0,0.0,0.0,0.0,0,0.0,0.0,0.0,0,0.0,0.0,0.0,0.0,0.0,0.0,0,0.0,0.0,0.0,0.0,0.0,0.0,0,0.0,0.0,0,0.0,0.0,0.0,0.0,0.0,0,0.0,0.0,0.0,0.0,0.0,0.0,0.0,0,0.0,0.0,0.0,0.0,0.0,0.0,0.0,0,0.0,0,0.0,0,0.0,0,0,0.0,0,0.0,0.0,0.0,0.0,0,0.0,0.0,0.0,0,0.0,0.0,0.0,0,0,0.0,0.0,0.0,0.0,0.0
5442,Kei Nishikori,29,Japan,77.0,178.0,True,True,2007,21673386,12,0,0,0,7,4,6,4,2296,50,0.0,0.0,0.0,0.0,0.0,0.0,0.0,0.0,0.0,0.0,0.0,0.0,0.0,0.0,0.0,0.0,0.0,0.0,0.0,0.0,0.0,0.0,0.0,0.0,0.0,0.0,0.0,0.0,0.0,0.0,0.0,0.0,0.0,0.0,0.0,0.0,0.0,0.0,0.0,0.0,0.0,0.0,0.0,0.0,0.0,0.0,0.0,0.0,0.0,0.0,0.0,0.0,0.0,0.0,0.0,0.0,0.0,0.0,0.0,0.0,0.0,0.0,0,0.0,0.0,0.0,0.0,0.0,0.0,0.0,0.0,0,0.0,0.0,0.0,0,0.0,0.0,0.0,0,0.0,0.0,0.0,0.0,0.0,0.0,0,0.0,0.0,0.0,0.0,0.0,0.0,0,0.0,0.0,0,0.0,0.0,0.0,0.0,0.0,0,0.0,0.0,0.0,0.0,0.0,0.0,0.0,0,0.0,0.0,0.0,0.0,0.0,0.0,0.0,0,0.0,0,0.0,0,0.0,0,0,0.0,0,0.0,0.0,0.0,0.0,0,0.0,0.0,0.0,0,0.0,0.0,0.0,0,0,0.0,0.0,0.0,0.0,0.0
6219,Dominic Thiem,25,Austria,82.0,185.0,True,False,2011,14132144,11,0,0,0,8,4,13,8,2201,89,55.3,74.5,51.9,0.0,69.6,33.3,55.7,0.0,60.8,68.9,66.7,60.6,50.0,89.4,29.5,51.9,47.1,65.2,53.2,61.6,68.4,22.2,32.3,31.9,38.3,55.9,63.2,61.1,0.0,66.7,56.3,60.0,66.0,62.2,84.0,33.3,49.3,56.4,64.3,76.1,71.4,71.4,50.0,40.1,21.2,13.0,25.7,36.1,26.4,8.3,8.3,8.3,12.5,1.04,0.45,1.09,23.3,0.6066666666666667,0.61,0.24,6.27,2.16,1964,7.6,38.1,5.8,3.89,38.5,82.8,17.6,2.47,37,160.1,1.16,1.23,76,2.1,51.3,2.27,123,38.2,30.1,2.97,6.0,3.8,0.48,543,9.2,1.14,3.3,0.46,0.96,49.9,355,21.4,97.0,936,13.2,65.3,62.9,1.13,0.96,4713,0.84,2.02,1.03,1.19,7.6,51.9,2.9,2101,2.34,53.0,59.7,1.04,1.02,6.54,65.5,56349,34.6,47,25.1,1039,58.8,910,8920,6.4,1859,1.36,74.3,52.8,3.0,83,1.26,63.1,62.7,28922,0.62,1.06,37.7,160,224,1.16,1.01,6.5,9.8,2.56
4544,John Isner,33,United States,0.0,206.0,True,True,2007,16888108,14,0,1,0,9,8,26,10,2147,72,63.2,54.3,65.7,0.0,62.9,0.0,59.6,75.0,55.3,67.3,57.7,57.4,37.9,84.6,30.3,60.8,56.3,62.9,53.6,61.9,60.9,18.2,20.8,28.6,36.6,45.5,57.8,53.8,0.0,55.3,57.3,61.5,57.0,75.5,76.6,0.0,56.3,60.6,63.2,65.6,67.4,33.3,25.0,35.4,26.8,17.9,19.9,33.3,20.0,8.1,13.3,13.3,11.9,1.05,1.02,1.05,10.5,0.6183333333333334,0.34,0.16,6.18,1.76,1953,20.4,40.8,4.1,3.84,30.7,91.7,37.6,1.86,41,177.7,0.85,1.22,138,1.2,50.7,1.52,210,30.0,22.6,1.81,18.1,2.6,1.26,1013,8.3,0.56,3.7,0.28,0.99,42.0,637,21.7,109.0,2024,11.3,66.4,70.8,1.14,0.97,9438,0.44,7.92,1.01,1.2,4.9,60.8,1.5,11234,6.75,56.1,58.6,1.0,1.03,6.24,71.5,109973,33.0,72,28.9,1419,68.9,1730,18391,6.21,4893,1.26,78.5,51.3,2.3,396,1.28,61.7,66.0,55771,0.35,1.05,29.9,651,393,1.15,1.2,8.9,10.63,2.72
5220,Marin Cilic,30,Croatia,82.0,198.0,True,True,2005,26106425,18,1,1,0,10,3,9,6,2231,53,66.1,62.6,71.0,44.4,72.6,16.7,54.2,57.1,66.9,71.7,72.5,58.6,64.4,86.2,30.0,53.4,44.4,65.6,65.4,63.0,72.7,14.3,16.9,29.1,38.8,53.1,61.8,56.3,0.0,58.2,52.9,67.3,68.8,70.4,85.1,16.7,67.1,63.8,64.7,64.7,64.9,71.0,60.0,42.4,20.1,15.0,22.5,42.6,13.8,15.4,8.5,7.4,12.2,1.08,0.47,1.13,23.2,0.6583333333333333,0.59,0.22,6.23,2.1,1974,11.4,40.9,5.7,4.2,39.0,84.0,17.7,2.49,36,164.1,1.07,1.26,132,2.1,51.9,2.17,196,38.5,30.4,2.87,9.1,3.5,0.71,1211,8.0,1.12,3.5,0.44,0.96,50.2,735,18.0,108.0,2044,8.7,64.6,63.9,1.15,0.96,10284,0.78,3.25,1.04,1.22,7.6,53.4,3.0,6476,3.47,52.9,61.7,1.04,1.03,6.56,66.4,116190,26.7,64,26.0,1993,56.4,1964,19097,6.38,3944,1.45,76.8,53.9,2.8,186,1.27,65.6,62.2,60329,0.61,1.06,38.0,348,482,1.19,1.03,6.7,9.72,2.67
11547,Karen Khachanov,22,Russian Federation,0.0,0.0,True,True,2013,4975535,4,0,1,0,11,11,14,11,2137,231,53.5,58.1,71.4,0.0,64.3,0.0,54.1,0.0,54.3,56.9,33.3,46.0,60.0,80.0,19.4,48.0,22.2,55.1,59.0,55.3,58.8,0.0,18.2,30.4,31.0,46.0,50.4,100.0,0.0,66.7,37.5,45.7,60.0,61.5,71.4,1.4,72.0,45.8,40.0,54.2,55.6,62.5,50.0,38.0,16.5,20.7,24.8,23.5,26.5,8.8,5.9,11.8,23.5,1.09,0.62,1.06,21.3,0.6583333333333333,0.53,0.23,6.41,2.22,1964,10.8,41.9,6.2,4.23,40.2,82.6,23.7,2.38,36,167.0,1.13,1.1,18,2.3,51.0,2.35,53,37.0,28.7,2.63,9.0,3.6,0.69,226,9.1,1.05,3.5,0.47,0.97,49.7,157,11.6,109.0,449,22.6,63.7,63.3,1.06,1.0,2111,0.86,3.04,1.02,1.08,6.9,48.0,2.8,1387,3.43,51.1,54.7,1.01,1.09,6.46,65.3,25725,34.2,35,26.0,457,60.5,413,4079,6.44,847,1.22,74.6,51.8,3.0,47,1.26,56.1,63.7,13111,0.58,1.02,36.8,98,88,1.07,0.94,6.5,9.88,2.63
26578,Stefanos Tsitsipas,20,Greece,0.0,0.0,True,False,2016,2008000,1,0,0,0,12,12,19,18,2088,260,55.6,57.9,60.0,0.0,58.8,0.0,52.4,0.0,65.2,51.6,0.0,57.1,100.0,87.0,26.1,49.1,60.0,58.0,52.2,56.0,58.8,0.0,25.0,40.0,45.2,53.7,53.2,33.3,0.0,42.9,50.0,73.7,51.9,61.5,55.6,0.0,58.3,44.4,64.3,45.5,71.4,66.7,0.0,34.2,20.5,16.4,28.8,11.8,41.2,5.9,0.0,11.8,29.4,1.04,0.58,1.02,17.6,0.6916666666666667,0.45,0.19,6.29,2.12,1982,9.2,43.6,5.5,4.33,38.8,84.4,22.4,2.14,31,162.5,0.99,1.12,14,2.0,50.5,2.12,37,34.2,26.3,2.26,7.6,3.1,0.58,125,7.4,0.88,3.5,0.42,0.94,47.6,92,15.2,112.0,259,25.0,65.2,62.5,1.03,1.0,1221,0.79,2.97,1.01,1.1,5.8,49.1,2.3,695,2.93,53.5,52.7,0.98,1.13,6.25,66.4,14946,40.2,23,25.9,234,58.4,237,2383,6.27,467,1.13,75.5,51.2,2.5,26,1.27,56.5,63.1,7551,0.51,1.07,34.3,53,52,1.04,0.97,6.3,10.05,2.58
6418,Borna Coric,22,Croatia,0.0,0.0,True,True,2013,5631859,2,0,0,0,13,12,15,13,2101,217,51.4,56.9,46.7,0.0,48.6,0.0,55.9,0.0,57.9,48.5,58.8,51.4,57.1,82.9,23.7,51.6,90.0,54.4,43.3,53.2,51.9,50.0,34.8,30.8,31.3,44.7,51.2,40.0,0.0,55.6,42.9,54.1,47.3,64.9,56.0,0.0,58.2,38.5,54.1,61.2,47.8,33.3,0.0,33.5,19.8,19.2,27.5,26.0,18.0,8.0,6.0,14.0,28.0,1.02,0.41,1.02,21.0,0.645,0.54,0.19,6.34,2.26,1978,7.3,39.5,6.2,4.08,39.0,80.7,15.8,2.3,31,158.0,0.9,1.05,27,2.4,50.3,2.42,82,37.3,27.1,2.62,5.7,2.9,0.46,305,7.7,1.02,3.7,0.5,0.96,50.5,225,12.0,101.0,641,24.4,63.6,61.6,1.02,0.99,2879,0.93,2.48,1.01,1.04,6.7,51.6,2.6,1252,2.23,52.8,52.0,1.01,1.08,6.33,64.4,34441,36.4,55,25.2,505,61.9,587,5679,6.33,1529,1.09,71.5,50.7,2.3,48,1.25,52.9,61.3,17319,0.58,1.02,36.3,93,119,1.03,1.03,8.8,9.67,2.61
5670,Milos Raonic,28,Canada,98.0,196.0,True,True,2008,17588771,8,0,0,0,14,3,10,5,2269,66,70.2,64.0,68.3,0.0,72.7,33.3,64.2,50.0,69.5,71.7,76.2,60.5,56.3,87.9,27.6,62.2,69.7,68.9,67.5,66.7,73.8,0.0,23.9,32.2,43.8,58.7,66.3,38.1,0.0,58.3,54.3,65.4,76.3,79.5,90.3,40.0,63.6,69.2,74.4,66.7,70.0,61.5,60.0,47.6,19.5,12.4,20.4,47.7,19.5,7.0,5.5,10.2,10.2,1.17,0.7,1.19,15.8,0.6383333333333333,0.44,0.24,6.02,1.72,1990,19.2,40.2,3.9,3.95,36.0,90.9,26.7,2.15,34,162.0,1.24,1.31,84,1.2,52.3,1.51,129,34.2,26.8,2.23,15.3,4.0,1.16,811,10.9,0.8,3.2,0.29,0.97,45.9,475,17.7,103.0,1190,9.5,68.1,69.2,1.21,0.95,6787,0.46,4.78,1.03,1.28,5.7,62.2,2.1,6944,5.92,54.9,65.3,1.04,1.06,6.34,71.5,73710,27.2,45,26.6,1452,62.9,1242,12627,6.18,2628,1.75,81.2,53.7,3.2,206,1.27,68.6,62.9,38524,0.47,1.05,33.9,331,326,1.25,1.19,7.0,10.17,2.61
4921,Fabio Fognini,31,Italy,0.0,178.0,True,True,2004,11094798,8,0,0,0,15,13,25,14,2112,171,47.8,58.7,50.0,0.0,53.3,0.0,44.7,50.0,55.8,56.3,72.4,59.0,58.1,82.9,27.3,55.4,64.0,54.9,44.4,53.0,57.1,12.5,12.5,17.9,24.8,40.3,47.9,44.4,0.0,48.6,61.3,50.0,50.8,54.1,60.4,0.0,43.1,53.2,47.4,54.3,57.9,54.7,60.0,30.9,22.0,15.1,32.0,24.6,14.9,15.8,11.4,13.2,20.2,0.99,0.35,0.98,27.5,0.635,0.64,0.33,6.58,2.66,1935,4.0,39.0,8.0,4.13,42.9,71.7,13.3,2.53,45,158.8,1.54,1.09,115,3.5,49.6,3.09,194,39.5,31.9,3.04,3.2,5.0,0.26,829,12.1,1.31,3.7,0.66,0.95,51.0,615,18.7,100.0,1734,12.8,61.0,56.7,1.04,1.01,7531,1.34,0.81,1.0,1.08,7.9,55.4,3.4,1912,1.25,48.2,51.7,0.98,1.09,6.41,59.5,94169,31.5,79,24.7,2358,59.1,1604,15165,6.49,2660,0.97,67.4,49.7,4.0,118,1.2,53.8,61.4,46710,0.7,1.04,39.5,213,331,1.04,1.12,5.7,9.45,2.61
6407,Daniil Medvedev,23,Russian Federation,0.0,0.0,True,True,2015,2604780,4,0,0,0,16,16,11,11,2125,287,65.3,15.4,59.1,0.0,50.0,0.0,36.4,0.0,67.9,66.7,50.0,60.0,0.0,88.4,28.1,55.6,54.5,54.8,70.0,60.9,50.0,0.0,12.5,9.1,40.0,47.9,55.6,66.7,0.0,66.7,50.0,69.2,59.0,52.4,58.3,0.0,71.7,64.9,52.0,40.0,33.3,25.0,0.0,37.5,24.1,14.3,24.1,35.3,17.6,0.0,11.8,11.8,23.5,0.0,0.0,0.0,0.0,0.0,0.0,0.0,0.0,0.0,0,0.0,0.0,0.0,0.0,0.0,0.0,0.0,0.0,0,0.0,0.0,0.0,0,0.0,0.0,0.0,0,0.0,0.0,0.0,0.0,0.0,0.0,0,0.0,0.0,0.0,0.0,0.0,0.0,0,0.0,0.0,0,0.0,0.0,0.0,0.0,0.0,0,0.0,0.0,0.0,0.0,0.0,0.0,0.0,0,0.0,0.0,0.0,0.0,0.0,0.0,0.0,0,0.0,0,0.0,0,0.0,0,0,0.0,0,0.0,0.0,0.0,0.0,0,0.0,0.0,0.0,0,0.0,0.0,0.0,0,0,0.0,0.0,0.0,0.0,0.0
5131,Roberto Bautista Agut,30,Spain,0.0,183.0,True,True,2006,8754572,9,0,0,0,17,13,12,12,2135,171,63.7,59.8,68.6,0.0,65.8,0.0,55.0,75.0,57.1,69.6,54.5,60.5,68.8,87.6,29.1,52.1,59.1,63.7,59.3,62.3,64.6,28.6,12.9,16.4,27.1,48.4,58.6,56.3,0.0,51.6,64.6,51.6,63.4,75.4,83.3,0.0,62.7,65.2,72.0,55.0,54.2,44.4,50.0,41.3,21.5,14.7,22.4,35.8,14.8,13.6,6.2,13.6,16.0,1.11,0.41,1.1,26.3,0.6266666666666667,0.63,0.16,6.35,2.27,1954,3.9,38.9,6.6,4.05,41.7,80.1,15.9,2.59,41,160.0,0.78,1.21,68,2.5,51.8,2.57,106,40.7,30.7,2.99,3.1,2.5,0.25,624,7.5,1.25,3.8,0.53,0.97,52.7,406,16.8,100.0,1223,9.4,64.4,62.4,1.11,0.99,5379,0.97,1.54,1.03,1.18,7.7,52.1,3.2,1248,1.2,53.6,59.4,1.01,1.06,6.57,64.2,64174,26.2,38,24.8,809,65.9,1050,10068,6.45,2709,1.32,69.6,53.4,2.0,87,1.25,62.8,61.9,33218,0.66,1.06,39.5,167,255,1.15,1.01,8.4,9.59,2.59
6051,Marco Cecchinato,26,Italy,0.0,0.0,True,False,2010,2223050,2,0,0,0,18,18,78,38,1953,316,25.0,42.0,40.0,0.0,38.5,0.0,30.8,0.0,11.1,41.9,100.0,46.2,50.0,63.0,23.1,48.6,66.7,37.8,20.0,36.4,38.5,0.0,0.0,16.7,27.3,33.3,36.4,100.0,0.0,40.0,71.4,46.2,25.0,36.4,12.5,0.0,35.7,0.0,33.3,45.8,50.0,33.3,0.0,19.7,16.7,19.7,43.9,7.7,23.1,7.7,7.7,30.8,23.1,0.82,0.44,0.9,17.2,0.6283333333333334,0.48,0.2,6.47,2.47,1926,5.5,38.4,7.1,4.0,35.5,75.3,17.0,2.13,52,159.4,0.97,0.76,21,3.1,48.3,2.73,34,34.9,26.2,2.33,4.5,3.1,0.36,82,9.4,0.83,3.0,0.57,0.91,47.9,79,26.6,100.0,187,16.5,61.6,56.5,0.86,0.97,920,1.19,1.79,0.96,0.79,6.1,48.6,2.2,356,1.73,48.4,39.8,0.96,1.04,6.24,61.8,12596,43.0,13,25.1,199,67.1,206,1980,6.36,471,0.7,68.4,46.5,2.5,17,1.22,36.7,61.1,6082,0.5,0.92,34.2,35,29,0.82,1.01,7.6,9.61,2.61
6029,Diego Sebastian Schwartzman,26,Argentina,0.0,170.0,True,True,2010,4557551,2,0,0,0,19,11,30,20,2052,287,52.6,52.8,11.1,0.0,53.7,0.0,45.5,0.0,56.3,50.0,57.1,50.8,57.1,79.8,17.3,37.3,60.0,50.0,58.3,50.3,53.3,0.0,0.0,13.6,20.9,38.1,44.4,50.0,0.0,44.4,40.9,50.0,53.0,54.3,52.0,0.0,47.2,42.4,54.3,54.0,47.4,75.0,60.0,33.1,17.2,17.2,32.5,29.5,15.9,9.1,6.8,15.9,22.7,0.98,0.32,1.03,31.5,0.6483333333333333,0.72,0.23,6.47,2.6,1939,3.3,40.0,7.7,4.22,43.8,71.8,12.2,2.73,43,159.8,1.09,1.01,46,3.4,50.6,2.98,76,42.6,32.9,3.44,2.6,3.6,0.22,281,9.2,1.51,3.9,0.63,0.93,54.5,212,21.7,103.0,660,14.2,60.6,55.5,1.0,0.97,2667,1.33,0.93,1.01,0.99,8.9,37.3,3.9,553,1.02,50.2,51.2,1.03,1.05,6.56,59.7,33559,35.8,30,24.5,595,60.8,549,5197,6.51,1264,1.12,65.9,51.3,2.8,25,1.2,50.9,61.7,16969,0.76,1.0,41.7,67,108,1.01,0.74,7.4,9.47,2.59
5918,Nikoloz Basilashvili,26,Georgia,0.0,185.0,True,True,2008,3479870,2,0,0,0,20,20,33,30,1990,316,47.6,46.5,40.0,0.0,46.2,0.0,30.0,0.0,61.9,47.1,57.1,47.8,75.0,82.4,15.6,61.7,0.0,45.2,53.3,45.6,51.6,0.0,16.7,25.0,31.0,38.3,40.2,50.0,0.0,57.1,58.3,52.2,40.0,52.6,38.9,0.0,47.6,21.1,56.7,56.3,33.3,0.0,40.0,28.7,17.6,21.3,32.4,22.6,19.4,9.7,3.2,29.0,16.1,0.92,0.41,0.94,22.3,0.5966666666666666,0.58,0.35,6.61,2.62,1906,4.5,37.0,7.9,3.87,38.7,73.7,15.8,2.35,55,162.6,1.66,0.96,20,3.3,49.0,3.01,55,38.5,28.5,2.75,3.7,5.2,0.3,184,13.7,1.07,3.9,0.63,0.96,50.1,145,13.9,97.0,446,24.3,62.0,58.1,1.01,1.0,1745,1.26,0.85,0.98,0.98,7.2,61.7,2.8,536,1.42,49.7,48.4,0.96,1.04,6.34,60.4,23410,38.2,35,25.0,628,61.6,380,3630,6.48,1116,0.85,67.1,48.1,4.4,37,1.22,46.9,61.9,11477,0.6,0.97,37.1,60,68,0.99,1.26,9.8,9.55,2.62
5663,David Goffin,28,Belgium,0.0,163.0,True,True,2009,10265940,4,0,0,0,21,7,16,8,2165,136,62.1,63.1,46.7,0.0,62.3,50.0,59.4,50.0,61.9,55.8,88.5,64.2,73.3,88.8,31.3,48.6,57.9,61.5,59.7,58.6,68.8,16.7,18.2,24.1,32.3,48.5,55.9,36.4,0.0,50.0,47.6,51.2,63.4,76.3,64.5,50.0,52.0,63.9,62.7,55.1,59.2,55.6,66.7,34.4,23.9,14.1,27.5,35.6,22.2,12.2,4.4,8.9,16.7,1.06,0.38,1.08,27.5,0.6116666666666667,0.66,0.28,6.39,2.36,1963,6.9,37.7,6.9,3.95,41.5,78.1,14.2,2.6,38,160.8,1.33,1.19,67,2.7,51.3,2.66,112,40.8,31.0,3.17,5.4,4.4,0.44,575,10.5,1.32,3.8,0.56,0.96,53.0,378,17.9,98.0,1127,12.0,63.4,60.8,1.09,0.98,5047,1.04,1.57,1.03,1.15,8.3,48.6,3.4,1970,2.09,51.1,57.6,1.03,1.04,6.54,63.1,58224,29.9,45,25.2,1255,58.3,999,9530,6.46,2365,1.26,71.7,53.0,3.5,69,1.24,61.1,61.7,29867,0.69,1.06,39.8,142,231,1.12,0.95,8.0,9.54,2.64
6284,Lucas Pouille,24,France,81.0,185.0,True,True,2012,5853432,5,0,0,0,22,10,28,20,2069,171,55.1,58.2,56.5,0.0,56.5,0.0,47.1,0.0,54.3,62.9,63.6,63.9,75.0,88.1,25.0,55.5,80.0,55.5,58.0,55.7,57.1,0.0,11.1,27.8,38.6,45.9,53.6,55.6,0.0,56.3,75.0,55.3,48.2,57.6,54.5,0.0,55.8,42.5,63.8,44.4,59.3,80.0,80.0,34.0,20.8,13.2,31.9,17.9,23.2,16.1,5.4,19.6,17.9,1.06,0.58,0.99,19.8,0.5983333333333333,0.5,0.28,6.52,2.36,1953,9.3,38.0,7.1,3.85,39.5,80.5,21.3,2.27,43,173.0,1.38,1.12,45,2.6,50.0,2.6,76,36.6,27.2,2.48,8.2,4.3,0.61,292,9.8,0.98,3.5,0.53,0.98,48.9,205,22.1,103.0,613,15.2,63.2,62.9,1.04,1.03,2763,0.96,2.17,1.0,1.12,6.7,55.5,2.7,1663,3.0,51.2,52.3,0.98,1.11,6.36,63.9,35292,37.3,31,26.9,767,56.1,558,5509,6.44,1476,1.01,73.8,50.2,3.8,66,1.26,56.1,63.6,17637,0.55,1.07,35.7,119,115,1.05,1.11,8.5,9.87,2.72
5793,Pablo Carreno Busta,27,Spain,0.0,188.0,True,True,2011,6493951,3,0,0,0,23,10,32,21,2071,217,51.9,54.3,0.0,0.0,56.3,0.0,45.9,0.0,50.0,55.2,40.0,44.3,27.3,78.0,16.7,52.3,55.6,53.4,40.0,51.5,53.8,0.0,7.1,10.7,19.6,37.2,46.8,50.0,0.0,35.3,48.6,58.6,54.8,53.2,48.1,0.0,40.5,38.1,56.3,61.6,51.7,61.5,66.7,34.2,16.4,18.7,30.6,27.1,20.8,6.3,16.7,12.5,16.7,1.05,0.46,1.01,24.9,0.6233333333333333,0.58,0.15,6.46,2.44,1926,5.0,38.5,7.0,4.01,42.8,76.4,17.9,2.47,47,157.5,0.74,1.03,59,2.9,50.3,2.76,90,39.0,29.1,2.79,4.0,2.4,0.33,375,6.6,1.19,4.0,0.58,0.95,52.0,281,21.0,98.0,882,11.0,61.7,59.1,1.03,1.01,3486,1.13,2.11,1.01,1.02,7.1,52.3,3.0,1118,1.56,51.3,52.3,1.0,1.11,6.43,62.1,44257,32.0,31,24.5,531,63.5,717,6877,6.44,1733,1.06,68.4,50.7,1.9,67,1.23,52.0,61.7,22253,0.65,0.99,38.4,128,146,1.04,1.04,7.8,9.59,2.55
5763,Grigor Dimitrov,27,Bulgaria,80.0,188.0,True,False,2008,15902694,8,0,1,1,24,3,20,6,2203,89,62.0,58.8,59.3,100.0,60.9,100.0,58.3,33.3,56.3,64.5,88.9,60.0,53.8,85.0,29.7,56.1,66.7,60.6,63.2,60.5,63.5,9.1,24.4,28.8,35.4,50.9,57.8,53.3,0.0,42.4,57.1,58.2,59.2,73.3,67.6,100.0,59.4,65.2,60.6,53.7,56.4,68.8,63.6,35.4,24.5,15.9,24.2,39.1,17.4,7.6,6.5,13.0,16.3,1.01,0.47,1.08,21.2,0.635,0.56,0.27,6.27,2.13,1982,9.1,39.6,5.9,4.04,37.6,82.9,18.2,2.37,35,160.9,1.33,1.19,82,2.2,51.3,2.28,152,37.1,29.4,2.74,7.3,4.3,0.57,704,11.3,1.03,3.5,0.46,0.95,48.8,468,17.6,102.0,1317,15.0,65.7,62.9,1.1,0.96,6251,0.84,2.12,1.02,1.16,7.1,56.1,2.7,3330,2.81,51.5,57.9,1.01,1.02,6.44,66.0,73864,32.5,70,25.4,1573,62.1,1216,11897,6.35,2508,1.24,74.8,52.5,3.4,124,1.26,61.1,62.3,37914,0.57,1.06,36.8,221,286,1.13,1.09,6.8,9.78,2.6
33215,Denis Shapovalov,19,Canada,0.0,0.0,False,False,2017,2159345,0,0,0,0,25,23,36,27,2001,394,55.6,57.1,33.3,0.0,58.8,0.0,59.4,0.0,46.7,43.5,62.5,68.4,60.0,81.3,25.5,50.0,100.0,55.8,44.4,51.4,60.9,0.0,20.0,12.5,36.8,44.2,52.6,0.0,0.0,0.0,57.1,35.0,63.0,50.0,88.9,2.4,46.4,52.6,59.3,63.6,0.0,0.0,0.0,19.7,32.4,14.1,33.8,38.1,4.8,14.3,9.5,19.0,14.3,1.09,0.57,1.01,17.6,0.6766666666666666,0.46,0.39,6.31,2.17,1951,9.5,42.9,6.7,4.26,38.6,82.7,20.8,2.18,41,173.4,1.95,1.07,19,2.4,50.3,2.47,38,33.5,26.5,2.28,8.3,6.1,0.6,131,14.4,0.88,4.5,0.49,0.98,47.7,95,20.0,117.0,367,20.0,66.5,64.4,1.0,1.03,1318,0.88,1.55,1.0,1.07,6.2,50.0,2.4,786,3.02,52.6,50.4,0.98,1.11,6.28,65.6,16476,40.0,19,27.5,508,57.4,260,2617,6.3,429,1.02,75.3,50.4,5.3,27,1.26,53.7,63.4,8289,0.51,1.07,34.7,54,51,1.0,0.99,5.2,10.07,2.74
4269,Fernando Verdasco,35,Spain,0.0,188.0,False,True,2001,16145181,7,0,0,0,26,7,29,7,2204,131,54.1,62.2,54.8,52.9,62.7,0.0,50.2,0.0,57.1,60.2,64.3,50.3,52.2,82.4,26.5,49.2,35.9,58.4,51.7,56.3,61.7,0.0,18.4,21.1,30.6,43.2,52.1,30.4,0.0,46.9,49.0,51.8,58.3,63.0,81.4,40.0,48.3,51.6,60.0,62.7,58.2,57.1,60.0,35.9,19.6,19.6,24.8,31.8,15.9,13.6,12.5,11.4,14.8,1.09,0.46,1.08,24.1,0.66,0.59,0.32,6.33,2.25,1954,6.8,41.0,6.6,4.24,40.7,80.6,17.4,2.49,39,161.9,1.52,1.12,185,2.4,51.2,2.51,299,38.4,30.7,2.87,5.4,5.0,0.43,1336,15.2,1.17,3.5,0.52,0.97,50.6,916,20.2,106.0,2589,12.4,65.3,62.7,1.06,1.0,12152,0.94,1.37,1.02,1.09,7.5,49.2,3.0,4905,2.09,51.2,55.7,1.03,1.06,6.51,64.4,145878,32.6,114,25.3,3578,67.3,2399,23201,6.42,4319,1.24,70.9,52.4,4.0,205,1.25,57.3,62.1,74630,0.63,1.03,38.3,417,525,1.09,0.96,5.8,9.67,2.62
45107,Alex De Minaur,19,Australia,0.0,0.0,True,True,0,1486516,1,0,0,0,27,27,31,31,1975,394,60.4,16.7,40.0,0.0,46.7,0.0,42.9,0.0,71.4,62.5,0.0,55.0,50.0,81.8,25.8,59.4,50.0,56.7,25.0,60.9,38.9,0.0,0.0,0.0,0.0,47.2,53.7,33.3,0.0,60.0,80.0,54.5,57.9,62.5,50.0,0.0,73.1,50.0,53.8,16.7,0.0,50.0,0.0,40.9,20.5,15.9,22.7,11.1,16.7,11.1,11.1,16.7,33.3,1.0,0.5,1.01,22.2,0.7183333333333334,0.57,0.23,6.53,2.46,1948,4.6,44.7,7.5,4.7,39.1,77.3,18.4,2.48,39,169.2,1.11,1.09,9,2.9,50.1,2.77,29,37.7,28.1,2.71,3.9,3.6,0.3,90,9.1,1.06,4.6,0.58,0.98,52.2,64,14.1,121.0,245,31.3,62.9,61.0,1.04,1.0,825,1.08,1.29,0.99,1.1,7.3,59.4,2.9,243,1.42,52.3,51.7,1.0,1.03,6.54,62.4,10657,45.3,20,25.9,189,60.9,174,1657,6.55,382,0.98,68.9,49.8,3.0,19,1.24,54.7,62.3,5340,0.59,1.06,37.9,32,35,1.03,1.18,7.2,9.52,2.72
6364,Kyle Edmund,24,United Kingdom,0.0,0.0,True,True,2011,4317977,1,0,0,0,28,14,27,24,2038,351,52.8,55.8,33.3,0.0,54.1,0.0,42.1,50.0,50.0,56.3,37.5,39.0,42.9,76.8,17.1,51.9,66.7,49.4,64.7,50.8,51.2,0.0,7.1,10.5,30.8,34.6,47.6,50.0,0.0,25.0,38.9,64.3,48.1,60.0,50.0,0.0,45.2,48.6,56.9,54.5,50.0,20.0,71.4,34.6,15.7,25.2,24.4,31.0,14.3,7.1,9.5,7.1,31.0,1.04,0.46,1.02,20.2,0.6616666666666667,0.52,0.21,6.33,2.23,1949,7.5,41.1,6.5,4.2,38.6,81.4,17.5,2.3,42,163.7,1.05,1.01,31,2.4,50.4,2.47,54,36.7,26.9,2.55,6.1,3.4,0.47,242,8.2,0.98,4.4,0.5,0.97,50.2,175,17.7,108.0,621,13.1,64.2,62.9,1.03,1.0,2300,0.91,2.22,1.01,1.0,6.7,51.9,2.6,1066,2.33,52.4,52.3,1.0,1.07,6.38,64.7,28480,30.9,23,25.8,480,59.1,463,4522,6.35,1329,1.09,73.2,50.9,2.8,42,1.26,50.9,62.2,14350,0.56,0.97,36.0,81,89,1.04,1.03,9.3,9.77,2.65
26011,Frances Tiafoe,21,United States,0.0,0.0,True,True,2015,1728252,1,0,0,0,29,29,40,39,1962,394,42.6,33.3,55.6,0.0,42.9,0.0,45.8,0.0,33.3,44.4,0.0,42.1,16.7,73.2,18.5,42.1,40.0,44.0,27.3,43.1,39.1,0.0,0.0,21.4,20.0,34.6,41.0,50.0,0.0,100.0,40.0,35.7,42.4,40.0,47.1,1.8,53.3,35.3,36.4,28.6,40.0,80.0,0.0,22.2,20.8,23.6,33.3,4.3,30.4,4.3,21.7,4.3,34.8,0.96,0.6,0.96,17.8,0.63,0.47,0.22,6.34,2.29,1957,9.2,39.3,7.1,3.97,38.0,79.7,21.5,2.16,37,174.0,1.08,0.86,12,2.8,49.2,2.54,39,36.2,25.5,2.32,8.0,3.5,0.58,117,8.9,0.88,4.0,0.52,0.95,48.5,95,12.6,109.0,327,28.4,62.7,60.6,0.91,1.01,1274,1.0,2.65,0.99,0.87,6.5,42.1,2.5,761,2.87,51.9,44.2,1.0,1.1,6.26,63.9,16530,41.1,27,27.6,287,61.0,265,2623,6.3,965,0.87,71.6,48.6,3.0,24,1.25,42.1,62.4,8140,0.51,0.95,34.5,57,40,0.9,0.86,11.7,9.9,2.79
4752,Richard Gasquet,32,France,75.0,185.0,True,False,2002,17222444,15,0,0,0,30,7,24,9,2196,87,62.5,63.1,68.0,56.3,65.6,16.7,57.5,50.0,58.0,69.7,58.3,58.8,43.5,87.7,26.7,54.2,60.0,63.3,63.0,62.7,65.2,5.9,13.8,24.4,32.9,49.7,58.2,48.4,0.0,50.8,58.1,57.8,66.1,80.2,67.8,37.5,56.5,66.7,64.9,65.7,64.0,56.3,65.9,43.6,20.0,12.7,23.7,42.8,16.8,5.8,7.5,8.7,18.5,1.05,0.41,1.12,25.2,0.645,0.61,0.19,6.21,2.14,1967,7.2,39.1,5.5,4.08,41.2,82.2,16.0,2.48,36,152.5,0.93,1.22,141,2.2,51.9,2.19,237,39.8,30.5,2.9,5.5,3.1,0.45,1270,8.1,1.19,3.4,0.45,0.93,50.9,824,17.1,98.0,2080,11.7,65.1,60.9,1.13,0.96,10788,0.86,2.34,1.04,1.17,7.3,54.2,3.0,4405,2.17,53.4,60.7,1.02,1.07,6.45,65.6,122901,28.8,96,24.3,1883,61.8,2093,20040,6.32,5156,1.42,73.1,53.8,2.3,181,1.25,63.2,60.5,63772,0.65,1.04,38.5,334,521,1.17,1.04,8.3,9.57,2.54
4467,Gilles Simon,34,France,0.0,183.0,True,True,2002,13635351,14,0,0,0,31,6,39,9,2124,108,59.1,57.9,55.8,36.4,61.9,50.0,55.0,66.7,52.4,61.3,44.4,61.2,59.4,86.6,27.4,49.2,52.8,57.6,59.8,57.8,59.5,25.0,17.2,26.4,32.1,43.7,54.0,66.7,0.0,41.7,52.2,52.3,56.5,71.3,77.2,60.0,60.0,54.8,58.1,60.2,56.8,63.2,52.2,34.4,23.6,14.8,27.1,28.0,18.2,13.3,9.1,9.8,21.7,1.08,0.41,1.04,26.9,0.6666666666666666,0.63,0.18,6.51,2.48,1952,5.4,41.7,7.4,4.35,42.6,76.6,15.8,2.61,39,161.8,0.86,1.14,179,2.9,50.9,2.85,268,40.4,31.2,3.01,4.4,2.7,0.35,1128,6.4,1.28,3.3,0.59,0.98,52.7,790,22.7,107.0,2081,11.3,61.5,60.4,1.06,1.01,10188,1.13,1.97,1.02,1.12,7.8,49.2,3.3,3398,1.7,51.7,54.9,1.0,1.07,6.55,61.9,125206,33.9,89,24.9,1725,57.1,2054,19677,6.53,3993,1.15,69.5,51.8,2.2,160,1.24,58.1,62.5,63699,0.68,1.06,39.8,325,459,1.08,0.97,6.4,9.58,2.6
4259,Philipp Kohlschreiber,35,Germany,0.0,178.0,True,False,2001,11986552,8,0,0,0,32,16,37,14,2116,217,54.4,57.2,62.4,45.5,55.0,0.0,48.8,100.0,52.3,62.0,55.2,53.5,57.1,84.6,18.8,50.4,55.6,57.2,51.8,56.4,55.6,0.0,15.6,20.3,28.2,43.2,52.3,44.4,0.0,43.9,44.8,54.8,60.2,61.2,64.1,0.0,57.2,50.3,60.8,61.4,52.4,51.0,53.8,38.6,17.9,16.2,27.2,31.9,12.5,11.1,8.3,14.6,21.5,1.09,0.46,1.06,22.4,0.6433333333333333,0.55,0.18,6.32,2.21,1951,7.3,39.8,6.0,4.09,40.4,81.7,18.0,2.38,39,155.2,0.85,1.1,142,2.2,50.9,2.38,255,38.0,29.3,2.7,5.6,2.8,0.46,1117,7.0,1.09,3.3,0.49,0.97,49.8,802,17.8,99.0,2042,14.1,64.1,62.9,1.06,1.0,10270,0.88,2.65,1.02,1.08,6.8,50.4,2.7,4389,2.25,53.9,55.0,1.02,1.09,6.4,65.0,120758,31.9,113,24.6,1657,60.4,2032,19756,6.36,4667,1.22,72.3,52.0,2.1,184,1.26,56.2,61.8,61493,0.6,1.02,37.2,365,451,1.08,0.99,7.6,9.72,2.53
4789,Gael Monfils,32,France,80.0,193.0,True,True,2004,15014229,7,0,0,0,33,6,23,7,2189,92,65.1,61.3,60.9,60.0,67.6,0.0,56.0,75.0,63.9,65.1,85.7,55.6,53.3,87.2,25.7,57.7,44.8,63.0,65.6,62.2,68.6,5.6,21.4,29.9,39.5,53.1,59.5,25.0,0.0,47.4,60.8,68.8,63.0,67.0,83.6,0.0,65.2,62.4,60.9,65.2,68.0,51.7,47.8,43.5,19.9,15.7,20.9,39.2,20.3,10.5,9.2,11.1,9.8,1.07,0.44,1.08,24.9,0.6366666666666667,0.6,0.28,6.33,2.26,1961,10.5,39.6,6.3,4.08,41.3,80.8,17.1,2.49,36,161.3,1.35,1.24,111,2.4,51.2,2.42,221,38.1,31.9,2.93,8.4,4.4,0.67,1115,11.6,1.21,3.2,0.5,0.96,49.1,698,15.9,102.0,1796,15.8,63.2,61.4,1.16,0.98,9335,0.93,2.39,1.03,1.2,7.6,57.7,3.1,5743,3.24,50.0,61.3,1.03,1.07,6.48,64.3,110341,31.7,110,25.3,2404,62.1,1818,17656,6.4,2320,1.3,73.1,52.9,3.5,179,1.26,63.6,62.2,56516,0.65,1.04,38.5,310,444,1.2,1.13,4.2,9.71,2.6
5438,Steve Johnson,29,United States,0.0,188.0,True,True,2012,5035097,4,0,0,0,34,21,56,21,2042,287,49.2,52.9,57.4,0.0,46.0,0.0,37.7,75.0,51.0,58.8,25.0,51.7,38.5,80.9,18.7,47.9,63.6,52.1,43.3,52.7,44.2,0.0,0.0,14.3,28.6,37.3,47.3,66.7,0.0,42.9,40.6,58.9,51.5,54.2,47.1,0.0,45.8,54.3,52.4,58.0,45.2,33.3,0.0,34.5,17.4,14.9,33.2,23.5,11.8,9.8,15.7,11.8,27.5,1.04,0.58,0.98,16.1,0.5766666666666667,0.45,0.24,6.37,2.17,1933,10.5,36.2,5.7,3.64,36.1,84.4,22.7,2.1,45,160.0,1.19,1.03,49,2.0,49.9,2.25,98,34.4,25.7,2.21,8.5,3.7,0.67,376,9.2,0.8,3.8,0.45,0.99,45.5,291,16.8,92.0,872,16.8,64.6,65.3,1.0,1.02,3722,0.78,2.81,1.01,1.02,5.6,47.9,2.0,2470,3.34,52.3,50.5,0.98,1.08,6.28,65.9,46396,33.7,49,25.4,878,59.4,744,7394,6.32,2300,1.03,75.3,50.3,3.0,81,1.28,51.2,62.8,23134,0.48,1.01,33.4,169,149,1.01,0.96,10.0,9.94,2.56
4868,Jeremy Chardy,32,France,0.0,188.0,True,True,2005,8113032,1,0,0,0,35,25,44,23,2016,351,47.9,52.8,49.1,0.0,53.2,0.0,45.3,0.0,45.7,51.5,71.4,52.4,70.6,86.5,17.6,48.9,60.0,50.6,45.0,48.8,53.5,0.0,8.6,16.2,25.0,34.8,44.9,33.3,0.0,21.4,31.1,45.8,52.5,47.2,70.7,0.0,43.2,53.8,50.5,52.0,46.9,42.9,50.0,32.5,15.9,15.9,35.7,21.6,18.6,12.4,5.2,13.4,28.9,1.01,0.51,1.0,19.0,0.63,0.51,0.34,6.37,2.26,1944,10.3,39.6,6.4,4.02,37.4,80.9,20.1,2.26,40,159.6,1.66,1.0,90,2.4,49.9,2.53,184,36.1,27.3,2.51,8.2,5.3,0.66,637,13.2,0.94,3.9,0.52,0.97,48.4,511,17.6,100.0,1596,18.4,64.3,62.9,0.98,1.0,6390,0.94,1.94,1.0,1.0,6.4,48.9,2.4,4145,3.22,49.7,49.0,1.01,1.05,6.38,64.5,80898,36.0,94,25.1,2140,59.9,1301,12816,6.37,3550,1.0,74.5,49.9,4.2,128,1.25,49.7,62.8,40403,0.54,1.02,35.5,262,254,0.98,0.98,8.7,9.85,2.55
5718,Pierre Hugues Herbert,27,France,0.0,188.0,True,True,2010,5585112,0,0,0,0,36,36,35,35,1968,0,46.1,37.5,47.4,0.0,43.3,0.0,37.9,0.0,47.1,50.0,0.0,46.7,66.7,77.4,18.7,45.7,60.0,46.7,42.6,45.8,43.3,0.0,0.0,16.7,18.5,32.4,45.0,0.0,0.0,75.0,50.0,33.3,51.2,37.5,59.1,0.0,48.0,47.6,38.1,63.6,22.2,50.0,0.0,26.9,18.3,22.1,32.7,13.8,20.7,6.9,3.4,27.6,27.6,0.99,0.67,0.94,14.6,0.5866666666666667,0.4,0.31,6.44,2.24,1936,11.1,37.4,6.2,3.71,36.5,82.6,25.5,2.04,45,166.9,1.57,0.92,17,2.3,49.2,2.37,59,32.2,25.4,2.01,9.4,4.8,0.72,166,11.8,0.73,4.0,0.47,0.97,44.9,137,12.4,97.0,437,30.7,64.3,63.0,0.94,1.03,1775,0.88,2.3,0.99,0.93,5.3,45.7,1.9,1266,3.62,51.4,46.0,0.97,1.12,6.24,65.1,22362,43.1,42,26.5,551,59.0,361,3635,6.33,769,0.84,74.7,48.8,4.1,42,1.27,45.3,63.9,10999,0.45,0.98,32.7,92,62,0.93,0.93,7.0,10.07,2.64
5349,John Millman,29,Australia,0.0,183.0,True,True,2006,2336968,0,0,0,0,37,33,43,38,1954,482,44.7,40.0,47.1,0.0,46.7,0.0,40.0,50.0,30.0,46.9,0.0,51.2,33.3,78.6,25.3,45.3,60.0,44.7,42.9,44.2,45.2,0.0,16.7,8.3,22.2,26.2,38.8,0.0,0.0,50.0,33.3,26.1,50.0,47.4,57.9,0.0,40.0,45.2,50.0,33.3,50.0,0.0,0.0,21.7,22.9,19.3,36.1,13.3,23.3,6.7,13.3,16.7,26.7,0.98,0.45,0.98,23.2,0.6183333333333334,0.55,0.16,6.39,2.43,1953,5.3,38.4,7.6,3.95,42.1,75.6,16.5,2.39,40,170.4,0.76,0.89,10,3.3,49.8,2.77,37,38.5,28.5,2.66,4.5,2.4,0.34,144,6.6,1.12,3.6,0.57,0.92,50.4,117,8.5,105.0,352,23.1,61.5,56.9,0.91,1.0,1544,1.19,2.15,1.0,0.9,7.3,45.3,3.1,527,1.64,51.8,44.9,0.99,1.13,6.38,62.0,19937,31.6,27,26.6,245,62.9,321,3118,6.39,850,0.95,68.0,49.5,2.1,24,1.22,44.4,62.1,9920,0.62,0.99,37.4,53,52,0.9,0.91,8.6,9.71,2.74
5902,Marton Fucsovics,27,Hungary,0.0,0.0,True,True,2009,1753975,1,0,0,0,38,35,42,42,1948,482,52.6,58.1,14.3,50.0,38.5,0.0,50.0,0.0,50.0,51.3,65.2,43.8,80.0,74.5,26.1,39.0,12.5,50.6,60.0,50.0,57.6,0.0,0.0,0.0,16.7,45.9,51.4,50.0,0.0,100.0,20.0,35.3,58.6,53.8,40.0,0.0,52.0,63.2,46.2,45.5,0.0,40.0,0.0,34.8,15.2,25.8,24.2,24.2,21.2,12.1,3.0,18.2,21.2,1.05,0.41,1.04,25.3,0.6883333333333332,0.63,0.27,6.43,2.42,1882,6.0,43.0,7.7,4.49,40.0,77.1,14.5,2.59,65,166.5,1.28,1.04,18,2.9,50.6,2.88,45,38.9,31.0,3.03,4.9,4.2,0.39,149,9.4,1.21,3.3,0.6,0.99,50.8,101,18.0,114.0,237,27.0,62.7,62.0,1.01,1.0,1399,1.09,1.45,1.03,1.01,8.1,39.0,3.2,415,1.85,51.2,52.7,1.03,1.02,6.61,62.3,13984,45.0,27,26.6,286,56.0,283,2686,6.52,325,1.11,71.1,52.1,3.4,16,1.24,52.5,62.4,7070,0.65,1.0,39.2,41,53,1.04,0.77,4.6,9.49,2.8
5364,Martin Klizan,29,Slovakia,0.0,190.0,False,True,2007,4810128,6,0,0,0,39,24,34,26,1998,231,0.0,0.0,0.0,0.0,0.0,0.0,0.0,0.0,0.0,0.0,0.0,0.0,0.0,0.0,0.0,0.0,0.0,0.0,0.0,0.0,0.0,0.0,0.0,0.0,0.0,0.0,0.0,0.0,0.0,0.0,0.0,0.0,0.0,0.0,0.0,0.0,0.0,0.0,0.0,0.0,0.0,0.0,0.0,0.0,0.0,0.0,0.0,0.0,0.0,0.0,0.0,0.0,0.0,0.0,0.0,0.0,0.0,0.0,0.0,0.0,0.0,0.0,0,0.0,0.0,0.0,0.0,0.0,0.0,0.0,0.0,0,0.0,0.0,0.0,0,0.0,0.0,0.0,0,0.0,0.0,0.0,0.0,0.0,0.0,0,0.0,0.0,0.0,0.0,0.0,0.0,0,0.0,0.0,0,0.0,0.0,0.0,0.0,0.0,0,0.0,0.0,0.0,0.0,0.0,0.0,0.0,0,0.0,0.0,0.0,0.0,0.0,0.0,0.0,0,0.0,0,0.0,0,0.0,0,0,0.0,0,0.0,0.0,0.0,0.0,0,0.0,0.0,0.0,0,0.0,0.0,0.0,0,0,0.0,0.0,0.0,0.0,0.0
4311,Andreas Seppi,34,Italy,0.0,190.0,True,True,2002,9821519,3,0,0,0,40,18,46,21,2029,287,0.0,0.0,0.0,0.0,0.0,0.0,0.0,0.0,0.0,0.0,0.0,0.0,0.0,0.0,0.0,0.0,0.0,0.0,0.0,0.0,0.0,0.0,0.0,0.0,0.0,0.0,0.0,0.0,0.0,0.0,0.0,0.0,0.0,0.0,0.0,0.0,0.0,0.0,0.0,0.0,0.0,0.0,0.0,0.0,0.0,0.0,0.0,0.0,0.0,0.0,0.0,0.0,0.0,1.01,0.43,0.99,23.1,0.645,0.57,0.22,6.45,2.45,1940,6.1,40.5,7.4,4.15,40.6,76.3,16.3,2.43,41,162.3,1.07,0.98,125,3.0,49.8,2.86,234,38.6,29.5,2.8,4.9,3.4,0.39,919,8.2,1.13,3.8,0.59,0.96,50.1,734,17.0,104.0,2167,14.9,61.8,59.7,0.96,1.01,9292,1.15,1.77,1.0,0.98,7.2,44.4,2.9,3435,1.9,50.1,47.8,1.01,1.07,6.44,62.0,113953,31.9,109,25.5,1940,58.2,1921,18713,6.44,4630,0.97,70.5,49.7,2.8,139,1.23,48.6,62.9,56779,0.61,1.02,37.8,313,357,0.96,0.89,8.1,9.74,2.62
5303,Joao Sousa,29,Portugal,0.0,185.0,True,True,2008,5085760,3,0,0,0,41,28,53,32,1974,351,0.0,0.0,0.0,0.0,0.0,0.0,0.0,0.0,0.0,0.0,0.0,0.0,0.0,0.0,0.0,0.0,0.0,0.0,0.0,0.0,0.0,0.0,0.0,0.0,0.0,0.0,0.0,0.0,0.0,0.0,0.0,0.0,0.0,0.0,0.0,0.0,0.0,0.0,0.0,0.0,0.0,0.0,0.0,0.0,0.0,0.0,0.0,0.0,0.0,0.0,0.0,0.0,0.0,0.91,0.37,0.98,21.8,0.5983333333333333,0.57,0.18,6.42,2.45,1902,4.5,36.8,7.3,3.85,38.1,75.5,14.0,2.41,55,161.0,0.85,0.97,82,3.1,49.5,2.79,140,38.0,29.8,2.75,3.6,2.8,0.29,447,7.1,1.05,3.9,0.59,0.94,48.5,356,23.4,96.0,1048,16.6,61.8,58.1,0.97,0.97,4394,1.17,1.63,1.0,0.98,7.2,49.6,2.7,1212,1.39,49.3,47.7,1.01,1.02,6.47,61.8,53770,40.0,58,25.1,743,60.9,937,8921,6.44,2194,0.89,69.9,49.3,2.2,65,1.22,48.0,61.7,26613,0.59,1.01,37.3,131,171,0.96,1.0,8.1,9.52,2.63
26007,Taylor Harry Fritz,21,United States,0.0,0.0,True,True,2015,1754709,0,0,0,0,42,40,45,45,1935,0,0.0,0.0,0.0,0.0,0.0,0.0,0.0,0.0,0.0,0.0,0.0,0.0,0.0,0.0,0.0,0.0,0.0,0.0,0.0,0.0,0.0,0.0,0.0,0.0,0.0,0.0,0.0,0.0,0.0,0.0,0.0,0.0,0.0,0.0,0.0,0.0,0.0,0.0,0.0,0.0,0.0,0.0,0.0,0.0,0.0,0.0,0.0,0.0,0.0,0.0,0.0,0.0,0.0,0.98,0.59,0.97,18.5,0.6133333333333333,0.51,0.21,6.51,2.36,1906,10.5,38.7,6.9,3.94,36.1,80.4,22.4,2.23,54,166.3,1.02,0.99,17,2.5,49.6,2.62,50,35.3,25.8,2.51,8.8,3.2,0.68,144,7.6,0.91,4.7,0.53,0.99,49.0,112,15.3,101.0,433,29.7,61.7,63.2,0.99,1.01,1434,0.96,3.29,1.0,0.99,6.6,57.6,2.4,989,3.35,50.2,48.8,0.97,1.03,6.36,63.8,18624,45.0,33,25.8,301,58.3,295,2894,6.44,856,0.94,73.5,49.6,2.7,38,1.26,49.1,63.1,9237,0.53,1.01,35.1,66,55,0.98,1.16,9.3,9.81,2.63
5571,Dusan Lajovic,28,Serbia,0.0,180.0,True,False,2007,3277158,0,0,0,0,43,42,55,42,1938,0,40.6,50.0,28.6,0.0,39.4,0.0,39.3,0.0,44.8,45.4,56.3,47.9,11.1,75.0,14.9,41.3,36.4,45.6,38.7,46.2,38.6,0.0,0.0,12.5,13.5,25.5,33.1,0.0,0.0,0.0,20.0,45.5,51.2,34.6,48.3,0.0,29.6,43.2,47.2,50.8,40.6,50.0,25.0,26.9,19.3,17.0,36.8,25.6,9.3,2.3,18.6,18.6,23.3,1.02,0.41,0.96,19.9,0.6216666666666666,0.5,0.15,6.42,2.38,1904,5.0,38.5,6.9,3.95,39.7,78.1,15.9,2.24,51,156.9,0.73,0.91,25,2.7,49.4,2.72,75,35.8,27.5,2.44,3.9,2.3,0.32,267,6.7,0.97,3.5,0.56,0.97,48.1,226,11.1,97.0,596,22.1,62.5,60.9,0.94,1.03,2752,1.07,2.13,0.99,0.91,6.2,41.3,2.5,855,1.56,52.2,46.3,0.98,1.12,6.3,62.9,34044,33.2,50,24.8,402,65.1,577,5613,6.36,1190,0.91,68.7,49.0,1.9,38,1.24,44.7,62.0,16802,0.56,0.97,35.5,92,101,0.94,0.84,7.1,9.73,2.55
4291,Malek Jaziri,35,Tunisia,0.0,185.0,True,True,2003,3392585,0,0,0,0,44,42,97,52,1922,0,43.6,47.6,30.8,50.0,33.3,0.0,45.5,33.3,50.0,37.4,68.4,49.3,50.0,73.4,18.1,43.0,55.6,44.5,32.1,42.9,42.6,0.0,30.0,20.0,13.8,19.3,32.7,0.0,0.0,25.0,30.8,41.9,38.0,47.2,44.4,0.0,40.0,40.4,42.3,26.1,38.5,42.9,66.7,25.9,17.7,18.4,38.0,17.4,10.9,15.2,15.2,13.0,28.3,0.98,0.41,0.9,18.8,0.6166666666666667,0.51,0.26,6.67,2.6,1888,5.3,38.4,7.9,3.99,37.2,76.0,15.4,2.2,61,162.3,1.25,0.89,32,3.0,48.4,3.03,72,35.8,26.2,2.43,4.4,3.9,0.36,250,8.4,0.9,4.1,0.63,1.02,48.5,210,15.3,100.0,638,19.1,61.4,62.0,0.94,1.05,2555,1.15,1.36,0.99,0.9,6.4,43.0,2.4,873,1.7,48.9,44.8,0.95,1.06,6.29,61.0,31967,34.4,40,25.5,642,53.6,558,5356,6.47,1491,0.78,71.6,47.7,3.3,37,1.24,42.9,62.2,15460,0.54,0.96,35.0,86,90,0.93,0.89,9.6,9.6,2.66
5044,Matthew Ebden,31,Australia,0.0,188.0,True,True,2006,1970540,0,0,0,0,45,39,65,54,1913,0,39.5,8.3,47.4,0.0,33.3,0.0,50.0,0.0,35.0,36.4,100.0,52.6,25.0,70.7,16.3,40.3,63.6,39.7,34.8,39.5,37.5,0.0,0.0,23.1,20.7,23.7,31.1,0.0,0.0,33.3,27.3,34.4,38.5,36.4,46.4,0.0,38.9,43.2,41.7,27.3,34.5,0.0,0.0,19.0,20.4,16.9,43.7,22.6,9.7,3.2,9.7,19.4,35.5,0.89,0.35,0.9,19.3,0.615,0.5,0.39,6.44,2.52,1905,7.6,37.0,7.4,3.9,38.5,73.4,13.6,2.21,52,153.0,1.85,0.81,23,3.2,48.3,2.92,64,35.8,27.6,2.38,5.9,6.0,0.49,185,15.4,0.92,4.0,0.61,0.93,47.1,179,12.9,94.0,519,23.0,61.7,56.7,0.86,1.0,2030,1.26,1.26,0.97,0.83,6.0,40.3,2.3,1026,2.32,45.7,40.6,0.97,1.09,6.24,60.8,26618,36.0,41,24.2,817,60.8,456,4323,6.35,1116,0.73,70.6,47.0,4.7,25,1.21,39.1,60.2,12859,0.55,0.96,35.3,62,70,0.84,0.83,8.5,9.48,2.55
26414,Matteo Berrettini,22,Italy,0.0,0.0,True,True,2015,828813,1,0,0,0,46,46,61,61,1900,482,43.5,60.0,25.0,0.0,37.5,0.0,25.0,0.0,33.3,56.3,0.0,50.0,100.0,80.0,25.9,50.0,50.0,47.5,57.1,51.3,37.5,0.0,0.0,0.0,42.9,38.1,44.7,100.0,0.0,50.0,66.7,27.3,57.9,50.0,40.0,0.0,45.5,66.7,28.6,50.0,50.0,0.0,0.0,30.8,20.5,23.1,25.6,0.0,25.0,12.5,0.0,25.0,37.5,0.78,0.47,1.02,14.4,0.67,0.47,0.16,6.08,2.02,1918,9.6,41.5,5.4,4.18,30.9,83.7,17.6,2.14,48,164.8,0.82,0.98,5,2.1,49.8,2.04,18,32.7,26.4,2.33,7.7,2.7,0.58,60,7.0,0.72,4.1,0.41,0.9,45.3,47,10.6,110.0,163,27.7,65.3,60.4,0.98,0.9,608,0.81,3.55,0.98,1.0,6.2,50.0,1.9,362,2.9,52.8,48.0,1.05,0.92,6.36,66.8,7745,38.3,13,26.4,102,61.6,125,1242,6.24,218,0.88,75.6,49.0,2.2,11,1.25,48.9,62.0,3858,0.43,1.02,33.7,22,23,0.96,1.0,5.5,9.94,2.66
11769,Nicolas Jarry,23,Chile,0.0,0.0,True,True,2014,0,0,0,0,0,47,39,86,57,1909,0,40.0,56.4,25.0,0.0,22.2,0.0,42.9,0.0,41.7,57.1,58.3,50.0,0.0,70.0,31.6,44.9,83.3,50.8,0.0,53.7,28.6,0.0,0.0,66.7,27.3,50.0,44.7,0.0,0.0,25.0,57.1,60.0,61.1,14.3,33.3,0.0,42.9,58.8,28.6,33.3,50.0,66.7,0.0,26.4,28.3,22.6,22.6,7.1,21.4,0.0,21.4,28.6,21.4,0.0,0.0,0.0,0.0,0.0,0.0,0.0,0.0,0.0,0,0.0,0.0,0.0,0.0,0.0,0.0,0.0,0.0,0,0.0,0.0,0.0,0,0.0,0.0,0.0,0,0.0,0.0,0.0,0.0,0.0,0.0,0,0.0,0.0,0.0,0.0,0.0,0.0,0,0.0,0.0,0,0.0,0.0,0.0,0.0,0.0,0,0.0,0.0,0.0,0.0,0.0,0.0,0.0,0,0.0,0.0,0.0,0.0,0.0,0.0,0.0,0,0.0,0,0.0,0,0.0,0,0,0.0,0,0.0,0.0,0.0,0.0,0,0.0,0.0,0.0,0,0.0,0.0,0.0,0,0,0.0,0.0,0.0,0.0,0.0
5166,Adrian Mannarino,30,France,0.0,183.0,False,True,2004,5592229,0,0,0,0,48,22,74,29,2004,482,45.0,25.5,58.1,0.0,43.8,0.0,38.9,0.0,42.5,48.6,50.0,47.4,70.0,78.4,20.0,43.2,53.3,46.8,38.7,45.4,43.9,0.0,7.7,11.8,17.1,32.3,37.4,0.0,0.0,50.0,38.7,43.8,49.2,39.7,53.3,0.0,47.7,49.5,44.4,42.1,36.8,25.0,66.7,28.5,16.7,20.1,34.7,19.0,12.7,11.1,4.8,11.1,41.3,1.01,0.43,0.96,22.0,0.61,0.53,0.22,6.43,2.46,1919,5.8,37.3,7.3,3.9,41.4,75.3,16.9,2.33,49,156.1,1.03,0.92,85,3.0,49.3,2.87,140,37.8,28.2,2.55,4.5,3.4,0.37,419,8.6,1.05,3.9,0.6,0.96,49.9,359,23.7,95.0,1088,15.3,61.5,59.0,0.94,1.03,4267,1.18,1.72,0.99,0.93,6.5,43.2,2.7,1632,1.78,50.4,45.6,0.99,1.12,6.34,61.7,56057,39.0,55,24.5,949,60.9,918,8785,6.38,2535,0.89,68.9,48.6,2.6,67,1.22,45.1,61.1,27621,0.6,0.99,36.8,155,162,0.93,0.88,9.1,9.57,2.56
5016,Sam Querrey,31,United States,0.0,198.0,True,True,2006,11161549,10,0,0,0,49,11,38,18,2068,159,56.7,44.2,62.5,0.0,52.9,0.0,47.9,0.0,56.1,60.0,52.6,47.3,41.2,76.0,25.3,48.3,40.0,55.4,53.4,55.8,52.1,18.2,15.6,24.7,27.8,39.5,49.9,55.6,0.0,51.4,59.0,50.4,53.4,57.7,62.9,75.0,54.5,58.0,51.7,56.8,54.9,47.1,57.1,35.4,19.7,21.5,23.4,27.2,18.4,6.1,8.8,24.6,14.0,1.02,0.56,1.05,17.9,0.5866666666666667,0.47,0.25,6.19,2.03,1938,15.4,36.8,5.3,3.67,37.8,84.9,21.3,2.19,42,162.7,1.28,1.09,121,2.0,50.8,2.06,225,35.0,26.9,2.36,12.4,4.1,0.95,890,10.0,0.89,3.7,0.41,0.94,46.6,624,19.4,95.0,1852,16.7,64.3,63.1,1.06,0.98,8428,0.76,3.73,1.01,1.07,6.1,48.3,2.3,7574,4.79,50.5,54.5,1.01,1.09,6.34,67.2,99105,36.1,104,26.2,2028,58.9,1634,16358,6.26,3997,1.19,78.8,51.5,3.3,168,1.26,55.1,62.7,50350,0.52,1.01,34.6,348,344,1.07,0.95,8.0,10.01,2.62
5539,Guido Pella,28,Argentina,0.0,185.0,False,True,2007,2532609,0,0,0,0,50,39,59,46,1925,394,38.9,52.6,36.4,0.0,35.7,0.0,28.6,0.0,50.0,51.8,50.0,45.3,44.4,71.4,21.4,43.5,43.8,46.9,31.3,47.6,37.1,0.0,14.3,25.0,31.3,28.6,40.2,0.0,0.0,57.1,50.0,60.9,45.3,32.0,44.4,0.0,40.0,45.5,33.3,44.8,56.1,0.0,0.0,26.6,20.2,24.2,29.0,17.6,8.8,11.8,14.7,11.8,35.3,1.0,0.57,1.0,20.5,0.6666666666666666,0.55,0.18,6.41,2.36,1915,6.4,42.5,7.8,4.31,37.3,78.1,21.1,2.39,50,172.0,0.88,0.91,27,2.9,49.9,2.89,60,37.2,27.4,2.71,5.5,2.8,0.41,202,7.9,1.01,3.8,0.59,0.99,50.8,161,16.8,114.0,528,20.5,62.6,62.7,0.94,1.01,2113,1.08,2.31,0.99,0.92,7.3,43.5,2.7,882,2.03,51.9,46.4,1.01,1.02,6.51,63.3,27694,37.3,33,26.6,382,64.7,435,4287,6.46,1086,0.94,69.5,49.3,2.4,40,1.24,45.3,63.7,13812,0.56,0.98,36.7,92,73,0.93,0.87,7.8,9.86,2.7
4914,Leonardo Mayer,31,Argentina,0.0,188.0,True,False,2003,5624914,2,0,0,0,51,21,67,28,1999,287,43.5,54.9,45.5,0.0,46.9,0.0,45.1,0.0,50.0,46.7,78.6,42.2,42.9,78.7,21.0,52.4,50.0,50.3,34.4,47.9,51.9,0.0,0.0,6.3,12.3,35.3,43.7,40.0,0.0,62.5,28.0,40.0,49.2,51.9,54.5,0.0,40.0,44.1,47.1,54.7,48.5,50.0,50.0,33.3,15.7,21.6,29.4,22.7,25.3,4.0,5.3,13.3,29.3,0.97,0.56,1.01,17.8,0.6666666666666666,0.48,0.26,6.29,2.18,1921,8.0,41.5,6.0,4.23,36.9,81.9,21.3,2.23,45,160.3,1.29,0.98,63,2.3,50.0,2.34,139,34.8,26.9,2.36,6.3,4.2,0.5,446,10.8,0.87,3.3,0.48,0.95,48.0,340,18.5,106.0,885,22.4,65.4,62.0,1.01,0.99,4355,0.89,1.9,1.0,0.98,6.1,52.4,2.2,2081,2.46,52.6,50.3,1.02,1.06,6.4,65.4,52737,40.9,76,25.6,1093,61.4,886,8719,6.34,1591,0.98,73.4,49.9,3.3,99,1.25,48.8,62.3,26384,0.51,0.97,34.9,189,166,1.01,1.05,6.0,9.84,2.61
11176,Hyeon Chung,22,"Korea, Republic of",0.0,0.0,True,True,2014,3275423,0,0,0,0,52,19,41,21,2049,394,53.4,54.8,33.3,0.0,54.5,0.0,48.1,0.0,50.0,52.5,80.0,55.3,60.0,84.7,19.7,37.7,25.0,55.3,40.0,50.9,62.5,0.0,11.1,7.1,24.2,35.5,47.2,0.0,0.0,0.0,20.0,48.4,65.9,54.2,57.1,0.0,45.8,51.6,52.9,58.6,42.9,33.3,0.0,33.7,17.3,14.4,34.6,40.7,11.1,11.1,7.4,7.4,22.2,0.99,0.38,1.06,27.0,0.67,0.63,0.25,6.33,2.35,1927,4.8,40.9,6.2,4.3,42.6,77.4,15.2,2.56,46,152.0,1.16,1.05,18,2.7,50.9,2.47,48,41.0,30.6,3.03,3.6,3.9,0.3,184,10.3,1.29,4.1,0.52,0.91,53.1,138,13.0,101.0,409,21.7,63.6,56.9,1.01,0.96,1732,1.06,1.24,1.03,1.03,7.6,37.7,3.2,464,1.43,50.7,52.7,1.04,1.08,6.51,62.9,19756,34.8,30,24.0,375,62.2,349,3316,6.42,989,1.2,70.2,52.2,2.9,20,1.23,53.6,61.0,10051,0.69,1.02,39.4,53,74,1.04,0.74,9.8,9.5,2.53
5055,Mikhail Kukushkin,31,Kazakhstan,0.0,183.0,True,True,2006,3896090,1,0,0,0,53,46,58,44,1934,482,0.0,0.0,0.0,0.0,0.0,0.0,0.0,0.0,0.0,0.0,0.0,0.0,0.0,0.0,0.0,0.0,0.0,0.0,0.0,0.0,0.0,0.0,0.0,0.0,0.0,0.0,0.0,0.0,0.0,0.0,0.0,0.0,0.0,0.0,0.0,0.0,0.0,0.0,0.0,0.0,0.0,0.0,0.0,0.0,0.0,0.0,0.0,0.0,0.0,0.0,0.0,0.0,0.0,1.03,0.44,0.94,23.0,0.6549999999999999,0.56,0.13,6.62,2.62,1918,4.1,40.8,8.1,4.26,41.1,73.7,16.5,2.39,47,161.7,0.64,0.9,50,3.2,49.0,3.14,128,38.5,28.1,2.71,3.4,2.0,0.27,390,5.0,1.11,3.6,0.66,1.0,51.6,314,15.9,105.0,840,24.8,60.0,60.2,0.96,1.05,3887,1.25,2.04,0.99,0.91,7.0,47.8,2.9,967,1.3,51.1,46.7,0.98,1.1,6.4,60.4,46573,40.8,78,25.5,474,60.0,835,8006,6.51,2060,0.87,66.6,48.6,1.6,66,1.22,44.3,62.4,22804,0.62,0.95,37.3,138,139,0.95,0.98,8.9,9.59,2.66
5515,Jan Lennard Struff,28,Germany,0.0,0.0,True,True,2009,3637295,0,0,0,0,54,44,48,40,1946,0,47.0,42.5,26.1,0.0,29.0,0.0,48.3,0.0,29.0,49.1,57.1,46.2,54.5,74.2,21.0,42.1,52.6,39.2,54.5,45.5,32.4,0.0,12.5,13.3,16.7,31.1,37.5,0.0,0.0,0.0,37.5,38.1,50.0,46.7,35.7,0.0,47.3,29.7,48.8,48.6,27.3,50.0,50.0,26.3,17.5,21.6,34.5,16.2,0.0,16.2,13.5,24.3,29.7,0.95,0.57,0.98,18.4,0.6066666666666667,0.49,0.32,6.41,2.3,1922,10.2,38.3,6.5,3.89,37.8,79.9,21.8,2.26,50,163.8,1.55,0.87,35,2.6,49.7,2.5,74,36.1,26.8,2.4,8.4,4.9,0.65,246,11.2,0.91,3.9,0.51,0.94,48.4,213,16.4,99.0,676,18.3,63.6,60.4,0.9,0.99,2696,0.99,2.07,0.99,0.88,6.2,42.1,2.4,1756,3.22,49.2,44.2,1.0,1.07,6.42,64.1,34408,34.7,39,25.7,847,56.0,556,5476,6.42,1605,0.92,75.9,49.2,4.0,51,1.25,43.2,63.1,17103,0.52,0.98,35.2,121,92,0.89,0.85,9.3,9.85,2.61
4894,Robin Haase,31,Netherlands,0.0,190.0,True,True,2005,6373742,2,0,0,0,55,33,88,44,1946,351,43.3,51.5,40.0,50.0,32.2,0.0,40.3,0.0,39.1,51.3,62.2,47.8,39.1,73.9,21.5,40.4,25.0,47.2,40.9,47.3,40.4,0.0,12.5,20.0,25.3,30.2,37.9,40.0,0.0,29.4,43.6,48.1,49.4,34.8,43.9,0.0,31.5,49.5,46.5,43.3,49.3,50.0,33.3,25.8,21.2,22.0,31.0,18.4,12.6,10.3,16.1,17.2,25.3,0.99,0.45,0.96,20.6,0.6183333333333334,0.52,0.22,6.46,2.41,1909,8.0,38.6,7.1,3.95,39.4,77.7,16.7,2.28,52,163.6,1.06,0.93,80,2.8,49.4,2.71,165,36.5,28.4,2.56,6.6,3.4,0.51,584,8.3,1.01,3.4,0.56,0.96,48.1,465,17.2,101.0,1186,18.3,61.7,60.0,0.95,1.01,5991,1.09,2.37,1.0,0.93,6.7,40.4,2.6,2861,2.5,49.4,47.0,0.99,1.1,6.33,62.7,71318,35.6,85,26.0,1208,59.6,1243,12102,6.39,2558,0.93,71.7,49.5,2.8,84,1.24,46.0,62.4,35236,0.57,0.98,35.9,208,214,0.95,0.82,7.2,9.74,2.67
5986,Damir Dzumhur,26,Bosnia and Herzegovina,0.0,172.0,True,True,2011,3351643,3,0,0,0,56,23,63,32,1994,351,51.5,46.3,57.1,0.0,44.1,0.0,37.9,0.0,33.3,57.9,60.9,54.3,54.5,80.6,24.3,47.8,60.0,47.8,60.5,50.3,50.9,0.0,23.1,21.1,20.0,30.0,42.4,75.0,0.0,50.0,50.0,42.1,55.4,38.7,54.2,0.0,54.1,42.9,57.4,42.9,42.9,42.9,0.0,27.9,22.9,19.3,30.0,24.0,12.0,12.0,10.0,22.0,20.0,0.0,0.0,0.0,0.0,0.0,0.0,0.0,0.0,0.0,0,0.0,0.0,0.0,0.0,0.0,0.0,0.0,0.0,0,0.0,0.0,0.0,0,0.0,0.0,0.0,0,0.0,0.0,0.0,0.0,0.0,0.0,0,0.0,0.0,0.0,0.0,0.0,0.0,0,0.0,0.0,0,0.0,0.0,0.0,0.0,0.0,0,0.0,0.0,0.0,0.0,0.0,0.0,0.0,0,0.0,0.0,0.0,0.0,0.0,0.0,0.0,0,0.0,0,0.0,0,0.0,0,0,0.0,0,0.0,0.0,0.0,0.0,0,0.0,0.0,0.0,0,0.0,0.0,0.0,0,0,0.0,0.0,0.0,0.0,0.0
5370,Aljaz Bedene,29,Slovenia,0.0,181.0,True,True,2008,2927200,0,0,0,0,57,43,64,42,1939,0,43.8,48.3,41.7,0.0,25.8,0.0,44.0,0.0,38.5,51.3,80.0,52.1,60.0,75.9,22.1,50.6,45.5,46.4,38.1,49.4,25.0,0.0,0.0,5.0,19.0,30.1,37.7,0.0,0.0,50.0,40.0,35.7,54.7,54.2,30.0,0.0,35.7,38.7,48.8,42.3,48.0,57.1,40.0,27.1,22.6,21.3,29.0,0.0,13.3,10.0,6.7,23.3,46.7,0.91,0.44,0.98,20.0,0.61,0.52,0.22,6.34,2.36,1911,10.2,38.1,6.8,3.88,38.4,76.7,17.2,2.32,47,158.5,1.07,0.92,31,2.9,49.4,2.69,70,36.5,28.0,2.57,8.0,3.5,0.65,226,8.1,0.99,3.8,0.55,0.92,48.7,200,15.6,96.0,595,19.6,61.0,57.9,0.92,0.98,2394,1.13,2.95,0.98,0.94,6.5,50.6,2.5,1575,3.16,48.7,44.7,1.02,1.06,6.4,62.8,31068,35.2,39,24.8,533,57.1,506,4955,6.37,1158,0.86,73.5,48.3,2.7,44,1.22,45.5,62.4,15352,0.55,1.02,36.2,87,91,0.9,1.02,7.4,9.79,2.53
5324,Benoit Paire,29,France,0.0,196.0,True,True,2007,5903637,1,0,0,0,58,18,52,25,2003,351,46.5,48.9,50.0,0.0,50.0,0.0,43.9,50.0,43.5,50.0,100.0,48.2,56.3,83.5,19.2,52.0,31.8,48.4,44.7,47.0,50.7,0.0,12.5,14.6,24.1,39.2,43.7,20.0,0.0,26.3,63.3,42.3,42.1,55.1,62.5,0.0,43.2,42.0,56.1,48.4,48.4,50.0,25.0,28.9,18.5,20.8,31.8,21.2,15.2,13.6,10.6,19.7,19.7,1.0,0.46,0.97,24.0,0.5549999999999999,0.59,0.36,6.65,2.62,1933,10.0,35.3,8.0,3.66,40.5,74.2,17.5,2.5,44,165.5,1.75,0.96,91,3.2,49.5,3.08,154,37.5,31.7,2.86,8.4,5.4,0.67,486,11.3,1.16,3.7,0.64,0.98,49.1,384,23.7,91.0,1152,16.4,59.8,59.6,0.99,1.02,4730,1.24,1.84,0.99,0.97,7.4,52.0,3.0,3214,3.22,46.2,48.7,0.98,1.06,6.54,60.6,63571,40.1,63,25.1,1746,51.7,998,9639,6.6,1385,0.93,74.1,49.1,4.5,91,1.23,47.7,63.7,31451,0.63,0.98,38.2,175,183,0.98,1.05,4.4,9.66,2.6
4606,Tomas Berdych,33,Czech Republic,91.0,196.0,True,True,2002,28931999,13,0,1,0,59,4,18,6,2263,40,65.4,63.4,69.1,71.4,71.2,31.6,62.2,62.5,63.7,68.2,65.9,55.9,72.4,87.8,24.9,54.3,45.5,66.3,61.8,63.8,70.4,11.8,20.6,29.9,40.8,55.4,61.9,40.6,0.0,41.6,54.7,66.8,73.9,76.0,80.3,33.3,67.0,68.2,64.1,63.1,71.7,53.5,57.9,46.2,17.7,15.1,21.0,42.7,19.5,8.7,3.3,8.7,17.0,0.0,0.0,0.0,0.0,0.0,0.0,0.0,0.0,0.0,0,0.0,0.0,0.0,0.0,0.0,0.0,0.0,0.0,0,0.0,0.0,0.0,0,0.0,0.0,0.0,0,0.0,0.0,0.0,0.0,0.0,0.0,0,0.0,0.0,0.0,0.0,0.0,0.0,0,0.0,0.0,0,0.0,0.0,0.0,0.0,0.0,0,0.0,0.0,0.0,0.0,0.0,0.0,0.0,0,0.0,0.0,0.0,0.0,0.0,0.0,0.0,0,0.0,0,0.0,0,0.0,0,0,0.0,0,0.0,0.0,0.0,0.0,0,0.0,0.0,0.0,0,0.0,0.0,0.0,0,0,0.0,0.0,0.0,0.0,0.0
11415,Jordan Thompson,24,Australia,0.0,0.0,True,True,2013,1283959,0,0,0,0,60,60,140,103,1821,0,38.1,27.3,18.2,0.0,21.1,0.0,0.0,0.0,44.4,37.0,60.0,36.8,25.0,68.2,14.3,35.7,0.0,33.3,0.0,36.6,26.1,100.0,50.0,20.0,27.3,28.1,28.8,0.0,0.0,0.0,0.0,20.0,50.0,20.0,23.5,0.0,30.8,25.0,40.0,22.2,33.3,0.0,0.0,23.1,12.8,15.4,48.7,13.0,4.3,8.7,26.1,13.0,34.8,0.89,0.44,0.93,19.8,0.6950000000000001,0.52,0.21,6.25,2.46,1905,7.0,41.4,8.1,4.37,38.3,74.0,15.5,2.31,45,168.7,1.02,0.68,11,3.5,48.5,2.86,23,36.8,28.7,2.44,5.9,3.4,0.44,69,9.1,0.93,3.8,0.6,0.94,48.5,64,17.2,117.0,206,18.8,59.9,56.8,0.81,1.0,809,1.24,2.05,0.97,0.7,6.9,35.7,2.6,377,2.08,47.0,38.1,1.01,1.05,6.34,60.6,10797,35.9,12,26.8,184,62.4,181,1718,6.28,410,0.76,68.9,47.1,2.9,10,1.22,32.8,59.7,5235,0.54,0.86,36.4,28,21,0.79,0.74,7.6,9.49,2.83
5367,Peter Gojowczyk,29,Germany,0.0,185.0,True,True,2006,2051145,1,0,0,0,61,39,71,44,1935,482,49.3,35.3,53.8,0.0,25.0,0.0,38.9,0.0,27.3,60.7,50.0,62.9,33.3,76.9,17.6,49.0,75.0,46.0,56.3,51.8,27.8,0.0,0.0,15.4,25.9,34.5,41.2,33.3,0.0,60.0,62.5,36.4,66.7,26.7,33.3,0.0,53.8,46.2,47.4,45.5,42.9,0.0,0.0,26.5,25.3,13.3,34.9,12.5,12.5,6.3,12.5,31.3,25.0,0.99,0.48,0.97,19.2,0.6033333333333334,0.48,0.3,6.46,2.38,1937,9.2,37.2,6.5,3.84,40.0,78.6,18.4,2.25,40,157.5,1.43,0.96,11,2.6,49.6,2.55,43,37.3,27.1,2.32,7.3,4.6,0.59,124,10.1,0.93,4.1,0.53,0.94,49.4,103,10.7,94.0,319,31.1,62.6,59.5,0.96,1.01,1257,1.03,2.01,0.98,0.98,5.9,49.0,2.4,738,2.86,48.8,46.6,0.97,1.12,6.3,63.2,15910,41.7,32,25.1,368,54.9,266,2581,6.38,879,0.9,75.0,48.7,3.6,24,1.24,47.6,61.7,7893,0.54,1.02,35.7,49,49,0.94,0.99,11.2,9.7,2.58
3852,Feliciano Lopez,37,Spain,0.0,188.0,False,False,1997,15787000,6,0,0,0,62,12,49,16,2074,139,51.1,50.0,65.0,47.8,57.4,0.0,46.1,66.7,55.1,53.6,46.7,55.6,67.6,80.6,24.1,54.5,48.1,53.4,48.1,51.2,57.9,14.3,19.1,29.5,34.2,42.1,47.9,35.3,0.0,45.9,42.0,48.5,52.4,58.8,63.8,100.0,55.2,57.9,50.3,50.0,51.9,41.2,41.9,29.6,21.3,18.1,31.0,26.2,17.1,14.0,6.7,12.2,23.8,1.03,0.61,0.98,15.6,0.6216666666666666,0.44,0.26,6.36,2.16,1951,12.6,39.4,6.1,3.92,35.6,83.9,23.5,2.08,39,164.2,1.29,1.06,211,2.1,49.7,2.35,355,34.1,26.4,2.2,10.4,4.1,0.8,1194,9.8,0.78,3.6,0.47,0.99,44.3,903,23.4,102.0,2606,15.9,64.0,65.5,1.03,1.03,11703,0.81,3.1,1.0,1.06,5.7,54.5,2.0,9179,4.01,51.6,50.9,0.99,1.07,6.26,66.0,144986,39.3,144,26.1,2959,58.7,2345,23578,6.31,6821,0.97,76.0,49.6,3.4,301,1.27,52.5,63.4,72065,0.47,1.03,33.2,552,474,1.02,1.1,9.5,10.05,2.6
6031,Denis Kudla,26,United States,0.0,180.0,True,True,2010,2257075,0,0,0,0,63,53,102,83,1855,0,29.7,25.0,51.4,0.0,34.5,0.0,26.7,0.0,33.3,39.7,0.0,50.0,44.4,71.7,13.3,40.8,66.7,36.5,29.4,35.9,34.5,0.0,0.0,0.0,5.0,20.0,31.1,0.0,0.0,0.0,40.0,25.0,45.5,19.2,45.8,0.0,36.4,34.3,50.0,31.3,30.0,0.0,0.0,19.6,16.3,15.2,48.9,3.4,13.8,13.8,17.2,17.2,31.0,1.0,0.4,0.92,19.2,0.5533333333333333,0.47,0.28,6.43,2.47,1905,7.2,33.7,7.9,3.51,40.7,75.1,15.0,2.2,54,163.8,1.32,0.73,20,3.2,48.6,2.92,45,36.9,26.4,2.27,6.0,4.3,0.46,124,10.2,0.92,4.0,0.61,0.96,48.7,121,16.5,90.0,390,20.7,61.5,59.1,0.81,1.05,1476,1.19,1.68,0.97,0.75,6.1,40.8,2.5,715,2.21,50.4,38.0,0.97,1.15,6.24,61.6,19661,37.2,25,25.9,426,58.3,326,3133,6.34,1089,0.77,69.6,47.1,3.6,20,1.22,35.5,60.9,9557,0.54,0.93,35.3,49,43,0.78,0.84,11.2,9.61,2.69
5630,Federico Delbonis,28,Argentina,0.0,190.0,False,True,2007,2969558,2,0,0,0,64,33,89,41,1953,316,31.9,56.5,0.0,0.0,23.1,0.0,37.1,0.0,55.9,51.9,62.5,44.6,42.9,83.8,17.2,46.0,44.4,47.2,47.6,49.7,32.4,0.0,25.0,23.1,26.5,33.0,44.0,50.0,0.0,33.3,48.0,54.3,54.5,25.0,41.4,0.0,32.0,31.0,42.3,51.8,60.3,40.0,66.7,33.8,15.4,19.0,31.8,6.1,15.2,9.1,12.1,21.2,36.4,1.02,0.48,0.99,21.2,0.6583333333333333,0.53,0.27,6.46,2.4,1907,4.8,41.5,7.0,4.25,39.8,77.8,19.2,2.38,52,157.8,1.33,0.95,39,2.7,49.8,2.78,86,36.7,28.7,2.62,3.8,4.2,0.31,279,10.6,1.04,3.7,0.57,0.97,49.9,233,16.7,103.0,676,20.2,63.7,61.2,0.96,1.02,2849,1.08,1.14,0.99,0.95,6.5,46.0,2.6,871,1.52,51.9,47.4,1.0,1.08,6.45,62.8,36132,36.9,47,24.7,764,60.0,589,5756,6.45,1086,0.96,70.0,49.5,3.3,52,1.24,47.2,63.1,17989,0.58,1.0,36.8,113,110,0.95,0.92,6.0,9.77,2.53
11787,Cameron Norrie,23,United Kingdom,0.0,0.0,False,True,2017,824926,0,0,0,0,65,64,80,59,1895,0,53.3,54.5,33.3,0.0,33.3,0.0,0.0,0.0,0.0,64.5,50.0,38.5,50.0,79.3,9.5,39.1,0.0,51.1,33.3,54.1,38.5,0.0,0.0,25.0,27.3,47.8,45.9,0.0,0.0,25.0,66.7,66.7,60.0,0.0,37.5,0.0,14.3,54.5,63.6,25.0,0.0,50.0,0.0,41.7,11.1,19.4,27.8,9.1,9.1,9.1,9.1,36.4,27.3,0.0,0.0,0.0,0.0,0.0,0.0,0.0,0.0,0.0,0,0.0,0.0,0.0,0.0,0.0,0.0,0.0,0.0,0,0.0,0.0,0.0,0,0.0,0.0,0.0,0,0.0,0.0,0.0,0.0,0.0,0.0,0,0.0,0.0,0.0,0.0,0.0,0.0,0,0.0,0.0,0,0.0,0.0,0.0,0.0,0.0,0,0.0,0.0,0.0,0.0,0.0,0.0,0.0,0,0.0,0.0,0.0,0.0,0.0,0.0,0.0,0,0.0,0,0.0,0,0.0,0,0,0.0,0,0.0,0.0,0.0,0.0,0,0.0,0.0,0.0,0,0.0,0.0,0.0,0,0,0.0,0.0,0.0,0.0,0.0
6387,Nick Kyrgios,23,Australia,85.0,193.0,True,True,2013,6616904,4,0,0,0,66,13,21,10,2176,180,65.2,58.5,64.5,0.0,60.7,0.0,62.3,0.0,64.5,66.0,64.3,54.2,71.4,82.8,28.0,58.6,41.7,63.2,63.2,64.1,61.2,50.0,37.5,34.9,40.0,54.5,62.2,57.1,0.0,43.8,72.7,57.9,60.0,69.2,73.9,0.0,63.2,62.3,69.4,63.0,54.5,0.0,0.0,45.5,20.5,18.9,15.2,35.4,20.0,7.7,3.1,15.4,18.5,1.12,0.73,1.07,16.7,0.5566666666666666,0.44,0.27,6.23,1.94,1999,17.4,34.9,4.9,3.46,37.9,87.9,27.0,2.07,30,169.2,1.36,1.24,28,1.7,51.1,1.8,67,34.4,24.5,2.2,14.8,4.3,1.09,340,12.4,0.84,4.0,0.36,0.96,47.5,209,13.4,94.0,683,18.7,65.6,66.1,1.15,0.99,2973,0.61,4.03,1.03,1.2,6.0,58.6,2.3,3007,5.49,53.5,60.5,0.99,1.14,6.22,68.8,34355,32.1,39,27.1,747,65.0,562,5664,6.23,1853,1.38,77.0,52.5,3.7,89,1.28,63.2,62.7,17566,0.5,1.04,33.3,152,132,1.18,1.15,10.8,10.08,2.69
4994,Mischa Zverev,31,Germany,0.0,190.0,False,True,2005,5186537,1,0,0,0,67,25,109,37,1968,394,41.3,33.8,50.9,0.0,38.1,0.0,35.4,0.0,24.3,46.8,0.0,45.8,50.0,74.7,11.9,45.5,53.3,39.1,46.9,41.5,38.1,50.0,21.4,22.6,23.7,33.3,36.3,33.3,0.0,33.3,28.6,41.8,48.9,34.9,31.4,0.0,45.2,35.6,53.3,30.0,25.0,47.1,44.4,25.9,17.1,20.5,36.5,13.5,13.5,10.8,10.8,8.1,43.2,0.98,0.46,0.95,19.9,0.61,0.52,0.18,6.46,2.45,1923,6.5,38.2,7.2,3.93,38.6,76.2,18.4,2.32,46,155.1,0.87,0.84,55,2.8,49.0,2.91,125,36.3,29.2,2.53,5.0,2.8,0.42,340,7.9,0.98,3.6,0.6,0.98,47.8,314,17.5,94.0,878,22.3,61.3,60.6,0.91,1.03,3619,1.15,2.34,0.98,0.86,6.3,45.5,2.4,1584,2.04,48.9,43.7,1.01,1.07,6.43,62.1,48692,39.8,70,24.1,678,64.5,778,7560,6.44,1661,0.84,69.4,47.9,2.2,65,1.23,41.1,62.6,23883,0.55,0.94,36.1,143,129,0.89,0.93,6.8,9.72,2.48
4526,Stan Wawrinka,33,Switzerland,81.0,183.0,True,False,2002,31661354,16,3,1,0,68,3,22,5,2291,36,63.3,66.9,50.0,47.1,72.2,46.7,59.3,33.3,61.0,62.4,62.9,57.9,55.3,84.5,33.6,52.9,58.8,65.2,52.8,60.2,70.8,16.0,20.9,37.1,42.7,55.6,61.0,57.1,0.0,48.3,59.8,59.7,61.8,72.2,82.8,58.3,54.1,59.1,63.7,66.2,72.7,68.9,55.6,37.6,22.4,15.9,24.1,37.1,21.1,12.2,9.9,8.9,10.3,1.09,0.52,1.08,22.9,0.6533333333333334,0.58,0.2,6.37,2.22,1989,8.4,41.3,6.4,4.21,39.4,82.6,19.0,2.45,32,169.5,1.01,1.23,133,2.3,51.4,2.38,242,37.6,30.0,2.84,7.1,3.2,0.53,1253,7.6,1.12,3.3,0.48,0.98,49.6,767,17.3,110.0,2066,14.2,64.2,63.7,1.13,0.98,10889,0.86,2.61,1.03,1.19,7.6,52.9,3.0,5169,2.64,53.8,59.8,1.01,1.05,6.52,65.1,123750,31.6,109,26.8,1978,57.8,2094,20550,6.44,3255,1.32,73.4,53.0,2.7,210,1.27,63.2,63.3,63558,0.61,1.06,37.7,397,485,1.17,1.03,5.2,9.81,2.73
6214,Juan Ignacio Londero,25,Argentina,0.0,0.0,True,True,2010,181228,1,0,0,0,69,69,0,0,0,482,0.0,83.3,0.0,0.0,0.0,0.0,0.0,0.0,0.0,62.5,0.0,50.0,0.0,100.0,25.0,66.7,0.0,62.5,0.0,62.5,0.0,0.0,0.0,0.0,0.0,100.0,75.0,100.0,0.0,100.0,100.0,100.0,25.0,0.0,0.0,0.0,0.0,83.3,0.0,0.0,0.0,0.0,0.0,50.0,12.5,12.5,25.0,0.0,0.0,0.0,0.0,0.0,0.0,0.0,0.0,0.0,0.0,0.0,0.0,0.0,0.0,0.0,0,0.0,0.0,0.0,0.0,0.0,0.0,0.0,0.0,0,0.0,0.0,0.0,0,0.0,0.0,0.0,0,0.0,0.0,0.0,0.0,0.0,0.0,0,0.0,0.0,0.0,0.0,0.0,0.0,0,0.0,0.0,0,0.0,0.0,0.0,0.0,0.0,0,0.0,0.0,0.0,0.0,0.0,0.0,0.0,0,0.0,0.0,0.0,0.0,0.0,0.0,0.0,0,0.0,0,0.0,0,0.0,0,0,0.0,0,0.0,0.0,0.0,0.0,0,0.0,0.0,0.0,0,0.0,0.0,0.0,0,0,0.0,0.0,0.0,0.0,0.0
5922,Filip Krajinovic,26,Serbia,0.0,185.0,True,True,2008,2139931,0,0,0,0,70,26,57,56,1906,394,47.7,31.8,0.0,0.0,23.1,0.0,42.1,0.0,52.9,45.5,66.7,41.7,100.0,76.7,12.8,48.4,50.0,39.3,51.7,46.6,29.4,0.0,20.0,11.1,25.0,24.3,31.8,0.0,0.0,33.3,33.3,43.8,55.2,42.9,23.1,0.0,42.1,45.8,45.5,43.8,33.3,0.0,0.0,32.9,12.9,20.0,34.3,20.0,6.7,6.7,0.0,33.3,26.7,0.87,0.34,0.94,21.5,0.6133333333333333,0.56,0.19,6.43,2.5,1920,6.6,37.6,7.1,3.95,38.1,73.6,13.9,2.37,47,152.0,0.91,0.89,14,3.1,48.8,2.88,28,38.4,28.1,2.7,5.0,3.0,0.43,102,8.0,1.03,3.7,0.61,0.92,49.4,90,15.6,93.0,239,15.6,60.2,56.4,0.96,0.97,1012,1.25,2.22,0.98,0.91,6.7,48.4,2.5,420,2.02,49.9,45.7,1.01,1.04,6.44,61.0,12765,31.1,14,23.5,189,62.6,223,2119,6.44,657,0.81,67.7,47.8,2.3,15,1.21,43.3,61.4,6231,0.58,0.95,36.7,31,39,0.94,0.99,10.2,9.5,2.48
6401,Yoshihito Nishioka,23,Japan,0.0,0.0,False,True,0,1296163,1,0,0,0,71,58,47,47,1927,482,50.0,0.0,0.0,0.0,25.0,0.0,53.8,0.0,30.0,56.3,60.0,47.8,66.7,77.5,11.1,52.9,50.0,45.7,50.0,50.9,31.6,0.0,0.0,0.0,11.1,25.6,41.3,100.0,0.0,50.0,28.6,70.0,45.5,25.0,47.1,0.0,27.3,45.0,57.1,40.0,0.0,0.0,0.0,35.8,17.0,20.8,26.4,5.6,16.7,11.1,5.6,0.0,61.1,0.96,0.22,0.95,24.1,0.6266666666666667,0.61,0.17,6.5,2.61,1930,2.3,37.6,8.1,4.03,39.5,71.9,8.8,2.41,43,153.1,0.78,0.94,2,3.3,49.0,3.19,30,39.4,26.6,2.87,1.8,2.6,0.15,88,7.2,1.13,4.8,0.69,0.99,53.8,76,2.6,96.0,280,36.8,60.5,59.1,0.95,1.02,867,1.3,0.89,0.98,0.96,7.3,52.9,2.9,136,0.7,52.7,45.4,0.99,1.04,6.34,59.9,11639,39.5,28,23.9,152,63.8,194,1813,6.42,649,0.86,64.0,47.8,2.0,9,1.2,46.1,60.0,5699,0.64,1.02,37.9,17,35,0.93,1.08,11.2,9.35,2.55
5644,Marius Copil,28,Romania,0.0,193.0,True,False,2008,1910926,0,0,0,0,72,56,72,72,1875,482,50.6,29.4,42.9,0.0,16.7,0.0,28.6,0.0,52.9,42.2,68.2,34.2,0.0,73.8,14.1,50.0,33.3,40.8,54.8,44.8,41.7,0.0,25.0,22.2,17.4,26.9,33.3,0.0,0.0,100.0,25.0,36.4,45.8,45.5,21.4,0.0,57.1,36.1,41.7,30.0,22.2,33.3,0.0,32.4,12.4,21.9,33.3,27.3,13.6,0.0,9.1,27.3,22.7,0.93,0.57,0.97,14.0,0.6416666666666667,0.4,0.23,6.24,2.12,1884,14.0,40.0,5.6,4.0,34.7,83.4,22.6,2.05,62,156.8,1.16,0.89,12,2.1,49.4,2.23,49,32.3,25.5,2.02,11.0,3.7,0.87,154,8.7,0.7,4.0,0.45,0.95,44.9,129,9.4,100.0,363,29.1,63.2,62.7,0.95,1.0,1622,0.83,3.77,1.0,0.9,5.1,50.0,1.8,1282,4.36,52.6,47.0,1.0,1.06,6.25,66.0,18348,38.6,37,25.5,340,57.5,328,3287,6.24,609,0.84,75.9,49.3,2.9,37,1.26,44.2,62.4,9066,0.43,0.94,32.9,74,57,0.95,1.01,6.6,10.02,2.54
6107,Taro Daniel,26,Japan,0.0,0.0,True,True,0,1316423,1,0,0,0,73,64,99,77,1882,482,33.3,45.5,0.0,0.0,25.0,0.0,60.0,66.7,0.0,43.4,40.0,40.6,20.0,64.3,16.7,61.0,100.0,39.1,22.2,40.3,29.2,0.0,0.0,0.0,9.1,16.1,25.4,100.0,0.0,50.0,33.3,40.0,32.5,44.4,38.5,0.0,14.3,38.5,23.5,38.5,35.7,50.0,100.0,23.6,16.7,20.8,38.9,18.2,0.0,4.5,18.2,27.3,31.8,0.91,0.43,0.89,20.2,0.6883333333333332,0.53,0.27,6.58,2.67,1894,4.1,42.4,8.7,4.44,38.1,70.8,15.9,2.28,58,162.9,1.26,0.78,8,3.7,47.9,3.3,28,37.1,26.3,2.55,3.4,4.0,0.27,104,10.8,0.97,3.5,0.69,0.98,50.8,96,8.3,112.0,262,20.8,60.2,58.0,0.88,1.03,1127,1.39,1.02,0.95,0.82,6.7,61.0,2.6,312,1.28,48.8,40.3,0.97,1.06,6.33,59.4,14988,29.2,20,25.7,307,62.5,258,2466,6.45,677,0.69,65.8,45.7,3.3,25,1.19,37.5,61.7,7173,0.56,0.93,36.0,41,36,0.84,1.27,9.2,9.56,2.69
5805,Guido Andreozzi,27,Argentina,0.0,0.0,True,True,2008,542,0,0,0,0,74,70,182,168,1736,0,33.3,30.0,0.0,0.0,14.3,0.0,0.0,0.0,0.0,38.5,0.0,80.0,100.0,50.0,21.4,14.3,0.0,30.0,0.0,38.5,14.3,0.0,0.0,0.0,0.0,25.0,35.7,0.0,0.0,0.0,0.0,0.0,50.0,50.0,16.7,0.0,20.0,40.0,25.0,50.0,0.0,0.0,0.0,15.4,23.1,7.7,53.8,0.0,0.0,14.3,0.0,28.6,57.1,0.92,0.35,0.83,16.0,0.7,0.46,0.41,6.69,2.69,1871,6.2,41.7,9.3,4.53,34.7,71.9,12.7,2.09,56,163.9,1.87,0.64,4,3.5,46.8,3.38,9,34.1,24.3,2.15,5.2,6.2,0.42,16,15.1,0.75,3.6,0.75,1.04,47.9,20,20.0,114.0,58,25.0,61.1,62.4,0.67,1.1,220,1.27,1.01,0.93,0.69,5.9,14.3,2.1,104,1.89,45.5,29.1,0.97,1.04,6.27,59.8,3277,45.0,5,25.3,103,59.0,55,506,6.48,149,0.57,69.7,43.5,5.2,1,1.2,30.0,59.6,1533,0.48,1.03,33.3,7,6,0.62,0.31,9.2,9.2,2.75
27835,Hubert Hurkacz,22,Poland,0.0,0.0,True,True,2015,404443,0,0,0,0,75,73,173,149,1759,0,25.0,42.9,0.0,0.0,33.3,0.0,0.0,0.0,50.0,0.0,40.0,14.3,0.0,50.0,8.3,33.3,0.0,30.4,0.0,35.7,20.0,0.0,0.0,0.0,0.0,0.0,12.5,0.0,0.0,0.0,0.0,0.0,0.0,20.0,50.0,8.3,0.0,0.0,40.0,50.0,0.0,0.0,0.0,28.6,7.1,42.9,21.4,0.0,11.1,0.0,0.0,33.3,55.6,0.95,0.88,0.88,16.0,0.6383333333333333,0.47,0.35,6.79,2.59,1844,7.8,42.9,9.5,4.24,34.4,76.8,30.4,2.18,78,195.6,1.78,0.61,4,3.4,48.1,3.25,7,34.0,25.3,2.34,7.8,5.2,0.53,24,13.6,0.81,4.1,0.64,1.03,47.1,24,16.7,124.0,89,12.5,62.1,63.8,0.74,1.07,327,1.18,1.51,0.98,0.62,6.8,33.3,2.3,180,2.69,48.0,34.8,0.95,1.02,6.5,61.9,4498,29.2,3,28.9,119,62.1,69,694,6.64,195,0.69,70.4,47.1,5.2,7,1.24,29.2,67.1,2165,0.48,0.84,33.6,21,7,0.72,0.69,8.9,10.06,2.88
5801,Tennys Sandgren,27,United States,0.0,0.0,True,True,2011,1334341,1,0,0,0,76,41,66,61,1894,394,53.3,36.8,0.0,0.0,41.7,0.0,20.0,0.0,42.9,51.9,0.0,36.4,100.0,86.4,13.8,44.8,0.0,43.8,66.7,46.2,41.7,0.0,100.0,28.6,40.0,33.3,41.5,50.0,0.0,100.0,40.0,71.4,38.9,37.5,33.3,0.0,0.0,52.4,66.7,14.3,55.6,0.0,0.0,33.3,8.3,19.4,38.9,25.0,8.3,8.3,0.0,33.3,25.0,1.05,0.57,0.96,17.8,0.675,0.47,0.18,6.43,2.3,1914,10.2,41.9,6.7,4.29,38.0,80.3,22.5,2.16,51,157.0,0.89,0.91,9,2.4,49.5,2.67,18,34.9,27.6,2.29,8.1,2.8,0.65,59,7.3,0.87,2.4,0.55,0.99,46.4,51,17.6,106.0,96,17.6,62.2,64.0,0.93,1.05,620,0.96,3.59,0.99,0.92,5.8,44.8,2.2,413,3.2,49.1,45.7,0.97,1.1,6.29,64.3,8006,35.3,9,24.7,115,61.0,129,1261,6.35,242,0.91,74.0,49.2,2.3,13,1.25,45.1,62.1,3965,0.52,0.99,34.4,29,23,0.92,0.91,6.1,9.78,2.53
44495,Jaume Munar,21,Spain,0.0,0.0,True,True,0,685184,0,0,0,0,77,74,101,101,1823,0,38.5,50.0,0.0,0.0,33.3,0.0,0.0,0.0,33.3,55.6,0.0,55.6,100.0,76.9,22.2,64.7,0.0,48.3,0.0,48.0,33.3,0.0,0.0,0.0,16.7,38.5,39.1,0.0,0.0,0.0,33.3,50.0,60.0,33.3,50.0,0.0,0.0,61.5,60.0,50.0,33.3,0.0,0.0,33.3,12.5,16.7,37.5,0.0,0.0,40.0,0.0,20.0,40.0,0.9,0.55,0.94,20.4,0.6649999999999999,0.56,0.24,6.64,2.65,1909,5.0,43.0,7.8,4.44,36.7,73.7,22.1,2.52,52,160.4,1.14,0.92,4,3.2,48.9,3.13,12,36.9,30.4,2.69,4.0,3.6,0.34,33,9.7,0.99,5.1,0.65,0.99,50.7,31,12.9,106.0,127,25.8,60.3,59.3,0.91,1.0,351,1.27,1.42,0.96,0.96,6.7,64.7,2.5,125,1.62,49.0,42.9,1.01,0.98,6.71,60.2,4972,38.7,8,24.0,88,63.5,77,745,6.67,168,0.78,66.6,47.1,2.8,11,1.23,45.2,64.6,2429,0.54,1.05,37.6,17,14,0.88,1.32,6.7,9.68,2.48
4654,Pablo Cuevas,33,Uruguay,0.0,180.0,True,False,2004,7544008,6,0,0,0,78,19,51,26,2004,217,43.1,60.8,42.9,50.0,36.2,0.0,44.3,50.0,51.5,59.1,81.3,49.2,30.8,83.3,20.6,54.8,52.4,53.8,54.3,55.0,49.3,0.0,30.0,25.0,31.4,39.0,47.1,66.7,0.0,47.4,50.0,52.1,57.0,40.0,51.4,0.0,45.0,50.0,40.4,59.6,49.2,50.0,66.7,36.4,18.7,17.7,27.2,32.4,11.8,5.9,13.2,8.8,27.9,1.02,0.47,1.02,21.0,0.6316666666666666,0.53,0.23,6.38,2.3,1890,7.7,39.4,6.5,4.03,39.8,79.2,18.6,2.35,60,155.9,1.1,1.07,71,2.5,50.3,2.59,134,37.0,29.4,2.59,6.0,3.5,0.49,508,8.9,1.03,3.4,0.53,0.95,48.7,373,19.3,98.0,933,17.1,63.3,60.8,1.05,1.0,4695,1.02,2.16,1.01,1.06,6.5,54.8,2.6,2068,2.39,52.0,53.4,1.01,1.08,6.39,63.9,54087,36.4,63,24.8,956,60.3,952,9266,6.38,1696,1.01,71.7,50.7,2.8,97,1.24,53.9,62.5,27208,0.57,1.01,36.8,177,201,1.06,1.09,6.2,9.73,2.55
5420,Radu Albot,29,"Moldova, Republic of",0.0,0.0,True,True,2008,1918145,0,0,0,0,79,79,93,93,1843,0,34.4,40.0,60.0,0.0,36.4,0.0,20.0,50.0,0.0,34.4,71.4,45.5,70.0,68.1,20.9,44.7,40.0,39.8,42.9,32.9,53.7,0.0,0.0,0.0,15.4,20.0,29.2,0.0,0.0,0.0,50.0,26.7,34.1,30.0,38.9,0.0,61.1,27.8,26.1,29.4,20.0,25.0,33.3,21.9,11.0,20.5,46.6,15.0,20.0,17.5,7.5,22.5,17.5,0.82,0.41,0.92,22.3,0.6533333333333334,0.6,0.23,6.57,2.68,1851,2.9,41.0,8.7,4.29,36.9,70.4,14.3,2.47,77,173.1,1.13,0.83,11,3.9,48.4,3.17,36,38.3,29.1,2.88,2.5,3.6,0.19,143,10.2,1.06,3.8,0.66,0.93,50.3,114,9.6,112.0,304,21.9,60.2,55.2,0.9,0.96,1508,1.42,0.81,1.0,0.84,7.9,44.7,2.9,232,0.91,49.3,43.5,1.0,0.98,6.59,59.2,16097,31.6,25,27.5,288,65.1,329,3130,6.58,654,0.75,64.5,48.2,3.1,21,1.19,40.4,62.9,7790,0.59,0.93,37.5,47,46,0.9,0.92,8.1,9.51,2.89
25609,Ilya Ivashka,24,Belarus,0.0,0.0,True,True,2013,263910,0,0,0,0,80,80,108,108,1814,0,60.7,14.3,0.0,0.0,25.0,0.0,50.0,0.0,0.0,53.3,63.6,54.5,100.0,76.5,25.0,64.3,0.0,42.9,66.7,41.7,61.5,0.0,0.0,0.0,16.7,21.4,39.1,0.0,0.0,0.0,100.0,33.3,60.0,20.0,33.3,0.0,64.3,25.0,33.3,0.0,0.0,0.0,0.0,21.7,17.4,21.7,39.1,25.0,16.7,16.7,0.0,8.3,33.3,0.0,0.0,0.0,0.0,0.0,0.0,0.0,0.0,0.0,0,0.0,0.0,0.0,0.0,0.0,0.0,0.0,0.0,0,0.0,0.0,0.0,0,0.0,0.0,0.0,0,0.0,0.0,0.0,0.0,0.0,0.0,0,0.0,0.0,0.0,0.0,0.0,0.0,0,0.0,0.0,0,0.0,0.0,0.0,0.0,0.0,0,0.0,0.0,0.0,0.0,0.0,0.0,0.0,0,0.0,0.0,0.0,0.0,0.0,0.0,0.0,0,0.0,0,0.0,0,0.0,0,0,0.0,0,0.0,0.0,0.0,0.0,0,0.0,0.0,0.0,0,0.0,0.0,0.0,0,0,0.0,0.0,0.0,0.0,0.0
3333,Ivo Karlovic,39,Croatia,0.0,208.0,True,False,2000,9254394,8,0,0,0,81,14,85,16,2062,131,53.0,42.5,63.7,47.1,47.2,0.0,43.2,66.7,53.0,58.4,47.4,50.8,32.1,80.9,23.4,50.1,50.0,52.2,54.5,54.0,46.7,22.2,18.9,26.3,36.2,43.6,50.6,42.1,0.0,50.0,49.4,56.0,55.3,50.8,50.7,0.0,52.5,52.9,56.9,53.3,50.0,50.0,38.9,33.6,20.8,18.3,27.2,21.0,18.5,7.6,16.0,11.8,25.2,1.05,1.12,1.03,8.6,0.6033333333333334,0.28,0.25,6.1,1.67,1930,23.5,39.8,3.8,3.7,30.3,92.1,43.2,1.73,46,169.6,1.36,1.05,147,1.1,50.3,1.48,279,27.5,21.3,1.53,19.8,4.1,1.43,924,12.0,0.46,3.5,0.28,0.98,40.3,687,21.4,102.0,1971,19.2,67.9,71.2,1.03,1.0,9652,0.43,5.67,1.0,1.04,3.9,50.1,1.2,13191,7.71,53.4,51.9,1.01,1.08,6.16,72.6,112803,40.7,132,27.9,2327,65.6,1780,19137,6.13,4116,1.09,82.8,50.4,3.5,385,1.27,52.7,65.9,56709,0.31,1.02,28.1,769,362,1.03,1.0,7.3,10.75,2.59
11429,Mackenzie Mcdonald,23,United States,0.0,0.0,True,True,2016,821295,0,0,0,0,82,76,100,100,1823,0,25.0,0.0,62.5,0.0,50.0,0.0,16.7,0.0,0.0,36.4,0.0,20.0,25.0,53.3,14.3,70.0,0.0,33.3,50.0,26.3,50.0,0.0,0.0,0.0,20.0,25.0,34.8,0.0,0.0,0.0,0.0,25.0,40.0,25.0,50.0,0.0,54.5,40.0,0.0,0.0,0.0,0.0,0.0,16.7,5.6,27.8,50.0,10.0,30.0,10.0,30.0,20.0,0.0,0.92,0.34,0.91,16.7,0.645,0.45,0.25,6.38,2.42,1923,5.0,39.8,8.0,4.12,37.6,77.4,11.5,2.19,53,185.1,1.23,0.71,1,3.3,48.4,2.68,9,36.2,25.0,2.17,4.7,4.0,0.32,37,11.0,0.82,4.0,0.55,0.95,49.9,29,3.6,119.0,106,28.6,62.7,59.2,0.91,1.02,393,1.09,1.26,0.97,0.74,6.5,70.0,2.4,135,1.55,49.5,42.5,1.0,1.09,6.32,62.1,5368,32.1,8,29.0,107,63.7,87,841,6.38,308,0.74,69.2,46.7,3.7,7,1.25,34.5,61.7,2596,0.48,0.81,34.6,10,10,0.88,1.45,11.5,9.67,3.0
4664,Pablo Andujar,33,Spain,0.0,180.0,True,True,2004,4474496,4,0,0,0,83,32,129,49,1929,260,28.0,50.5,12.5,0.0,32.6,0.0,37.0,0.0,46.6,42.2,33.3,40.4,40.0,76.1,12.4,38.7,20.0,41.5,32.1,42.1,32.6,0.0,0.0,16.7,24.0,28.5,36.3,50.0,0.0,66.7,54.5,42.9,34.1,41.2,40.5,0.0,20.0,17.9,39.5,37.8,55.0,55.6,66.7,27.2,13.8,20.3,38.6,18.6,4.7,9.3,14.0,16.3,37.2,0.92,0.3,0.95,25.3,0.6766666666666666,0.64,0.27,6.61,2.73,1910,2.2,41.8,8.0,4.45,39.7,70.0,12.4,2.57,49,151.9,1.25,0.83,78,3.4,48.9,3.24,131,39.5,30.7,3.01,1.6,4.1,0.14,323,11.0,1.2,3.8,0.7,0.97,51.6,305,25.6,102.0,862,17.4,60.2,56.9,0.9,0.99,3374,1.4,0.53,0.97,0.85,7.4,38.7,2.9,496,0.67,48.8,42.9,1.0,1.01,6.56,58.7,45878,43.0,53,23.2,928,63.3,753,7076,6.59,1477,0.85,64.4,47.7,3.1,36,1.19,40.7,61.8,22441,0.65,0.95,39.2,93,124,0.88,0.79,6.4,9.4,2.47
5201,Ernests Gulbis,30,Latvia,0.0,190.0,True,True,2004,6596107,6,0,0,0,84,10,50,10,2167,199,50.9,54.3,41.7,70.6,47.5,0.0,49.0,0.0,45.1,54.2,81.5,52.1,43.8,78.5,20.9,46.8,68.4,51.2,54.5,50.7,56.1,14.3,18.2,28.8,33.3,45.3,48.2,85.7,0.0,38.9,43.9,46.6,57.2,42.5,53.8,0.0,47.4,43.4,47.9,49.5,63.6,50.0,40.0,30.1,20.2,17.8,31.9,37.6,11.9,6.9,8.9,17.8,16.8,1.05,0.45,1.01,19.2,0.6433333333333333,0.51,0.34,6.36,2.24,1943,11.9,39.9,6.4,4.1,37.8,81.6,17.1,2.27,42,158.7,1.64,1.03,83,2.3,50.2,2.5,200,35.8,28.0,2.48,9.5,5.3,0.76,623,13.3,0.94,3.6,0.51,0.99,47.7,458,18.2,102.0,1219,25.6,63.8,64.0,1.02,1.01,5945,0.9,2.26,1.02,1.02,6.4,46.8,2.4,4080,3.7,48.6,52.0,1.0,1.06,6.35,64.7,68408,43.8,117,25.4,1805,60.4,1197,11623,6.36,2292,1.05,75.3,51.1,4.2,96,1.26,52.0,62.0,34353,0.54,1.0,35.7,205,238,1.04,0.93,6.7,9.71,2.61
9719,Maximilian Marterer,23,Germany,0.0,0.0,False,True,2015,1124468,0,0,0,0,85,45,141,71,1888,0,28.6,42.3,14.3,0.0,50.0,0.0,28.6,0.0,0.0,33.3,0.0,38.9,100.0,72.2,16.3,30.8,0.0,35.3,20.0,28.6,50.0,0.0,0.0,0.0,14.3,18.2,29.2,0.0,0.0,0.0,33.3,33.3,28.1,25.0,62.5,0.0,26.3,36.4,11.1,60.0,25.0,0.0,0.0,14.6,12.5,22.9,50.0,33.3,8.3,8.3,0.0,25.0,25.0,0.88,0.43,0.9,14.4,0.6466666666666666,0.42,0.16,6.35,2.28,1895,8.3,39.6,6.4,4.03,34.5,79.9,16.7,1.99,54,156.0,0.77,0.68,12,2.5,48.4,2.5,23,31.9,25.1,2.05,6.5,2.5,0.53,58,6.8,0.71,4.2,0.51,0.95,43.8,61,19.7,100.0,194,18.0,62.5,60.8,0.8,1.01,714,0.98,3.32,0.97,0.7,5.2,30.8,1.8,392,2.56,54.6,37.2,0.98,1.07,6.15,64.1,9360,37.7,11,25.0,118,63.5,156,1528,6.24,350,0.71,69.5,46.7,2.0,8,1.25,32.8,61.2,4529,0.44,0.88,32.3,26,20,0.77,0.64,7.6,9.79,2.56
5333,Thomas Fabbiano,29,Italy,0.0,0.0,True,True,2005,1501566,0,0,0,0,86,70,107,101,1827,0,30.8,25.0,50.0,0.0,41.2,0.0,14.3,0.0,16.7,33.3,0.0,41.2,100.0,61.9,15.0,35.7,50.0,32.7,22.2,27.3,41.2,0.0,0.0,0.0,0.0,11.5,22.2,0.0,0.0,0.0,0.0,22.2,33.3,27.3,41.7,0.0,46.2,11.1,38.5,33.3,10.0,0.0,50.0,16.3,9.3,23.3,51.2,5.9,17.6,17.6,0.0,17.6,41.2,0.8,0.46,0.89,21.4,0.6549999999999999,0.59,0.26,6.59,2.73,1880,2.3,41.2,8.5,4.3,36.4,69.8,17.1,2.41,62,169.1,1.21,0.65,7,3.9,47.7,3.15,17,38.5,28.4,2.85,1.9,3.9,0.15,57,11.1,1.04,4.2,0.66,0.93,50.7,61,11.5,110.0,216,16.4,60.0,54.5,0.77,0.96,713,1.43,0.59,0.95,0.69,7.7,35.7,2.8,118,0.72,48.7,34.8,1.01,0.99,6.54,58.6,10318,27.9,10,25.8,199,65.0,164,1572,6.56,565,0.71,63.9,45.4,3.3,10,1.19,31.1,62.9,4919,0.58,0.9,36.9,28,19,0.73,0.75,10.9,9.59,2.69
6057,Bernard Tomic,26,Australia,0.0,193.0,True,True,2008,5717084,4,0,0,0,87,17,62,21,2036,260,55.2,34.5,55.4,0.0,54.1,0.0,41.7,0.0,44.4,54.2,81.0,53.3,72.7,79.6,20.9,53.6,50.0,53.4,36.4,49.0,59.1,0.0,4.8,17.4,22.8,35.5,43.2,66.7,0.0,50.0,37.5,55.9,46.1,47.8,60.5,0.0,50.7,62.4,40.4,38.8,50.0,40.0,0.0,30.4,20.4,19.6,29.6,30.8,20.9,8.8,3.3,14.3,22.0,1.0,0.56,0.95,17.3,0.5533333333333333,0.48,0.13,6.49,2.32,1941,9.3,35.1,6.8,3.54,36.2,81.2,21.2,2.15,43,166.7,0.66,1.05,58,2.5,49.5,2.58,118,36.2,25.4,2.36,7.9,2.0,0.6,477,6.1,0.86,3.7,0.52,0.99,47.7,344,16.9,92.0,986,17.5,62.0,63.7,1.04,1.02,4529,0.94,4.53,1.01,1.04,6.2,53.6,2.3,2568,3.0,50.3,52.1,0.96,1.06,6.29,64.2,54356,34.4,60,26.4,567,66.4,916,9083,6.39,3261,0.92,71.3,49.9,1.7,104,1.26,51.7,63.4,26904,0.51,0.99,34.1,194,178,1.05,1.08,12.3,9.92,2.66
44831,Ugo Humbert,20,France,0.0,0.0,False,True,0,254435,0,0,0,0,88,84,115,115,1798,0,30.0,0.0,0.0,0.0,33.3,0.0,0.0,0.0,0.0,33.3,0.0,25.0,0.0,40.0,20.0,30.0,0.0,33.3,25.0,28.6,33.3,0.0,0.0,0.0,0.0,0.0,20.0,0.0,0.0,0.0,0.0,0.0,50.0,0.0,50.0,0.0,20.0,0.0,50.0,0.0,0.0,0.0,0.0,14.3,14.3,28.6,42.9,33.3,0.0,0.0,33.3,33.3,0.0,0.0,0.0,0.0,0.0,0.0,0.0,0.0,0.0,0.0,0,0.0,0.0,0.0,0.0,0.0,0.0,0.0,0.0,0,0.0,0.0,0.0,0,0.0,0.0,0.0,0,0.0,0.0,0.0,0.0,0.0,0.0,0,0.0,0.0,0.0,0.0,0.0,0.0,0,0.0,0.0,0,0.0,0.0,0.0,0.0,0.0,0,0.0,0.0,0.0,0.0,0.0,0.0,0.0,0,0.0,0.0,0.0,0.0,0.0,0.0,0.0,0,0.0,0,0.0,0,0.0,0,0,0.0,0,0.0,0.0,0.0,0.0,0,0.0,0.0,0.0,0,0.0,0.0,0.0,0,0,0.0,0.0,0.0,0.0,0.0
24021,Reilly Opelka,21,United States,0.0,0.0,True,True,2015,380791,0,0,0,0,89,89,135,135,1771,0,41.7,0.0,0.0,0.0,33.3,0.0,20.0,0.0,0.0,47.1,0.0,23.1,0.0,53.8,21.4,45.2,25.0,36.0,50.0,37.5,33.3,0.0,0.0,66.7,33.3,27.3,40.9,0.0,0.0,0.0,50.0,40.0,50.0,20.0,25.0,0.0,50.0,0.0,50.0,20.0,0.0,0.0,0.0,21.7,13.0,34.8,30.4,0.0,33.3,0.0,66.7,0.0,0.0,0.86,1.15,0.91,7.8,0.64,0.31,0.32,6.43,1.96,1909,20.2,43.4,5.0,4.07,24.8,89.8,43.1,1.73,54,180.7,1.68,0.76,3,1.4,48.9,1.88,12,26.9,18.0,1.68,18.4,4.9,1.3,32,11.9,0.42,5.0,0.35,1.02,43.0,27,11.1,115.0,121,33.3,65.9,71.1,0.91,1.01,375,0.54,4.12,1.0,0.76,4.5,45.2,1.1,498,6.92,56.3,44.4,0.98,0.9,6.26,69.5,4879,44.4,9,28.5,121,58.7,72,769,6.34,259,0.77,78.8,48.8,4.5,14,1.29,37.0,67.8,2384,0.28,0.83,27.7,31,10,0.91,0.92,10.7,10.68,2.67
5602,Bradley Klahn,28,United States,0.0,190.0,False,True,2012,1064289,0,0,0,0,90,63,146,136,1778,0,26.7,0.0,20.0,0.0,23.1,0.0,33.3,0.0,0.0,20.0,0.0,38.5,33.3,41.7,16.0,57.7,50.0,24.2,25.0,25.0,23.1,0.0,0.0,0.0,0.0,15.8,25.0,0.0,0.0,0.0,0.0,0.0,14.3,50.0,23.1,0.0,33.3,27.3,25.0,20.0,0.0,0.0,0.0,8.3,16.7,25.0,50.0,0.0,15.4,7.7,15.4,38.5,23.1,0.83,0.7,0.84,13.1,0.6316666666666666,0.36,0.31,6.42,2.43,1930,8.3,39.1,8.5,3.95,36.2,74.9,23.6,1.92,41,184.4,1.54,0.51,4,3.7,47.3,2.86,12,32.2,25.6,1.81,7.9,4.8,0.53,36,12.6,0.65,3.8,0.58,0.91,42.5,37,10.8,116.0,126,21.6,61.9,56.5,0.74,1.03,481,1.25,1.72,0.93,0.55,5.4,57.7,1.9,291,2.65,49.3,32.7,0.95,1.14,6.05,62.1,6821,32.4,8,29.5,169,61.8,110,1091,6.25,317,0.52,70.0,44.1,4.6,15,1.21,24.3,62.0,3225,0.41,0.74,31.7,26,9,0.69,1.22,9.5,9.92,2.97
11485,Laslo Djere,23,Serbia,0.0,0.0,True,True,2013,744066,0,0,0,0,91,83,131,96,1835,0,21.1,55.2,0.0,0.0,14.3,0.0,0.0,0.0,0.0,48.6,33.3,66.7,0.0,73.7,20.0,47.2,66.7,46.3,12.5,46.2,20.0,0.0,0.0,0.0,0.0,50.0,42.1,0.0,0.0,0.0,60.0,50.0,52.6,0.0,14.3,0.0,14.3,41.7,33.3,40.0,40.0,75.0,75.0,25.0,22.2,11.1,41.7,0.0,11.1,0.0,0.0,44.4,44.4,0.85,0.73,0.93,15.8,0.6983333333333334,0.5,0.28,6.56,2.46,1880,6.1,47.2,7.7,4.61,31.8,77.5,29.5,2.33,63,168.2,1.41,0.84,8,2.9,48.7,3.08,23,35.3,27.6,2.55,5.1,4.2,0.4,48,10.5,0.81,2.8,0.6,1.0,47.0,49,16.3,117.0,116,30.6,62.9,62.8,0.85,1.0,579,1.15,1.44,0.95,0.88,6.3,47.2,2.0,248,2.03,50.8,39.3,1.02,0.91,6.64,62.5,8240,46.9,15,25.4,172,59.8,122,1247,6.61,238,0.7,70.4,46.4,3.5,17,1.24,40.8,67.5,4010,0.45,1.04,35.1,36,20,0.81,0.97,5.7,10.22,2.49
5978,Ryan Harrison,26,United States,0.0,183.0,True,True,2008,4475512,1,0,0,0,92,40,69,38,1953,482,46.4,33.3,35.1,0.0,32.6,0.0,43.3,0.0,41.2,46.8,50.0,49.4,20.0,80.9,16.5,41.0,47.4,42.3,48.3,45.1,31.8,0.0,0.0,5.3,15.2,28.0,39.5,25.0,0.0,36.4,61.1,47.2,36.1,46.0,45.7,0.0,40.5,43.7,45.6,42.0,41.2,46.2,0.0,25.8,18.4,17.5,38.2,20.5,9.1,2.3,9.1,20.5,38.6,1.02,0.52,0.94,17.7,0.6566666666666666,0.46,0.27,6.42,2.37,1943,8.8,41.4,7.0,4.18,38.5,78.7,20.6,2.18,42,158.2,1.33,0.88,35,2.7,49.0,2.8,93,34.7,26.8,2.26,7.0,4.2,0.56,293,10.3,0.87,3.8,0.56,0.99,46.3,268,13.1,103.0,791,21.6,62.5,62.3,0.9,1.05,3218,1.06,2.1,0.99,0.89,5.7,41.0,2.2,1852,2.79,50.5,43.5,0.97,1.12,6.31,63.1,41752,34.7,58,24.9,883,59.4,674,6663,6.37,1616,0.83,71.7,48.3,3.3,57,1.25,42.9,63.0,20465,0.51,0.99,34.5,139,115,0.89,0.84,7.8,9.89,2.51
6412,Christian Garin,22,Chile,0.0,0.0,True,True,2013,355596,0,0,0,0,93,84,195,162,1716,0,25.0,50.0,0.0,0.0,0.0,0.0,0.0,0.0,0.0,20.0,47.4,16.7,33.3,58.3,20.0,38.5,0.0,37.0,0.0,38.5,35.7,0.0,0.0,0.0,0.0,0.0,0.0,0.0,0.0,0.0,0.0,0.0,25.0,0.0,0.0,0.0,0.0,0.0,33.3,0.0,0.0,0.0,0.0,38.5,0.0,23.1,38.5,14.3,14.3,7.1,14.3,35.7,14.3,0.0,0.0,0.0,0.0,0.0,0.0,0.0,0.0,0.0,0,0.0,0.0,0.0,0.0,0.0,0.0,0.0,0.0,0,0.0,0.0,0.0,0,0.0,0.0,0.0,0,0.0,0.0,0.0,0.0,0.0,0.0,0,0.0,0.0,0.0,0.0,0.0,0.0,0,0.0,0.0,0,0.0,0.0,0.0,0.0,0.0,0,0.0,0.0,0.0,0.0,0.0,0.0,0.0,0,0.0,0.0,0.0,0.0,0.0,0.0,0.0,0,0.0,0,0.0,0,0.0,0,0,0.0,0,0.0,0.0,0.0,0.0,0,0.0,0.0,0.0,0,0.0,0.0,0.0,0,0,0.0,0.0,0.0,0.0,0.0
5528,Evgeny Donskoy,28,Russian Federation,0.0,185.0,True,True,2007,2431474,0,0,0,0,94,65,118,92,1835,0,37.5,20.7,26.7,0.0,34.5,0.0,35.3,66.7,41.2,28.9,42.9,27.1,42.9,63.2,10.2,45.7,41.7,34.7,28.9,32.2,37.1,0.0,0.0,9.1,9.5,23.8,28.8,0.0,0.0,0.0,16.7,27.3,31.4,36.0,44.0,0.0,19.0,37.8,42.4,37.9,22.7,14.3,0.0,23.5,8.4,26.1,42.0,8.8,17.6,8.8,11.8,14.7,38.2,0.9,0.45,0.89,14.9,0.6216666666666666,0.44,0.18,6.56,2.5,1896,6.2,39.1,7.5,4.03,34.1,77.1,17.1,2.17,56,162.2,0.88,0.69,24,2.9,48.0,2.93,57,34.4,25.6,2.14,5.1,2.8,0.41,158,6.7,0.73,3.6,0.61,1.0,46.1,156,15.4,100.0,436,21.2,61.2,62.2,0.84,1.05,1830,1.11,2.23,0.96,0.72,5.5,45.7,1.9,767,1.97,50.5,38.6,0.99,1.01,6.4,61.9,24489,36.5,33,25.5,344,58.6,409,3977,6.48,1027,0.65,69.9,46.0,2.3,32,1.25,33.3,63.0,11746,0.44,0.86,33.9,70,52,0.81,0.95,8.4,9.72,2.62
6196,Jiri Vesely,25,Czech Republic,0.0,0.0,False,True,2009,3491370,1,0,0,0,95,35,84,38,1952,482,39.0,48.9,59.3,0.0,46.2,0.0,36.4,0.0,37.5,50.0,43.8,45.7,50.0,81.1,13.7,46.7,63.6,47.6,22.2,46.3,42.9,50.0,20.0,11.1,21.6,30.1,39.7,50.0,0.0,28.6,46.7,35.7,50.6,44.8,50.0,0.0,51.1,37.5,46.7,41.7,47.2,58.3,42.9,32.1,16.1,19.6,32.1,21.3,10.6,10.6,10.6,17.0,29.8,1.02,0.54,0.97,19.2,0.61,0.5,0.3,6.4,2.31,1905,8.6,38.0,6.8,3.88,38.2,79.9,20.8,2.2,51,160.5,1.46,0.92,39,2.5,49.6,2.64,85,35.8,26.8,2.46,7.0,4.7,0.55,273,12.9,0.94,3.7,0.54,0.98,47.9,224,17.4,97.0,635,20.5,63.8,62.6,0.96,1.03,2802,0.99,1.85,1.0,0.92,6.3,46.7,2.4,1513,2.71,50.9,47.3,0.98,1.09,6.29,64.0,34823,37.9,46,25.3,817,64.0,577,5658,6.35,1499,0.95,71.3,49.5,3.8,56,1.25,45.5,62.3,17277,0.55,0.96,35.0,120,102,0.95,0.94,8.7,9.81,2.58
5070,Albert Ramos,31,Spain,0.0,188.0,False,True,2004,5946829,1,0,0,0,96,17,106,25,2014,316,36.3,53.1,35.3,0.0,41.2,0.0,48.8,0.0,42.6,46.6,71.4,48.6,58.3,77.0,19.9,43.6,42.9,47.1,37.2,46.7,41.8,20.0,10.0,15.0,20.7,30.6,38.4,16.7,0.0,54.5,30.6,42.7,44.7,55.9,52.6,0.0,45.2,38.3,34.8,44.2,52.6,50.0,62.5,27.4,18.0,20.4,34.1,18.5,9.3,13.0,9.3,13.0,37.0,1.01,0.42,0.97,22.5,0.6983333333333334,0.57,0.22,6.53,2.51,1929,4.6,43.8,7.4,4.53,39.9,76.0,16.7,2.41,46,159.0,1.05,0.93,87,2.9,49.4,2.91,154,37.7,29.3,2.74,3.6,3.3,0.3,454,8.7,1.09,3.6,0.61,0.98,49.6,389,22.5,111.0,1111,17.3,61.9,60.4,0.94,1.02,4700,1.15,1.37,0.99,0.94,6.9,43.6,2.8,1407,1.44,51.3,46.0,1.0,1.07,6.47,61.6,61388,39.8,67,24.6,1024,61.7,988,9576,6.48,2153,0.94,67.9,49.1,2.7,72,1.24,46.0,62.8,30339,0.6,1.0,37.3,165,179,0.93,0.88,7.0,9.69,2.54
5422,Prajnesh Gunneswaran,29,India,0.0,0.0,False,True,0,256811,0,0,0,0,97,97,193,193,1650,0,25.0,0.0,50.0,0.0,0.0,0.0,0.0,0.0,0.0,16.7,50.0,100.0,0.0,100.0,0.0,33.3,0.0,27.3,0.0,25.0,33.3,0.0,0.0,0.0,0.0,50.0,14.3,0.0,0.0,0.0,0.0,0.0,20.0,0.0,0.0,0.0,33.3,0.0,0.0,0.0,0.0,0.0,0.0,12.5,12.5,0.0,75.0,0.0,33.3,0.0,0.0,0.0,66.7,0.63,0.27,0.86,14.5,0.6266666666666667,0.41,0.19,5.78,2.19,1785,6.2,35.7,6.0,3.7,35.2,71.3,11.1,1.97,96,139.7,0.93,0.58,1,3.4,46.8,2.44,2,31.9,22.5,2.0,4.2,3.4,0.36,7,9.0,0.7,4.4,0.51,0.71,48.2,11,9.1,87.0,35,9.1,61.7,43.9,0.61,0.85,111,1.37,1.84,0.91,0.64,4.9,33.3,1.7,46,1.7,48.6,25.9,1.06,1.08,6.05,62.0,1537,18.2,1,23.6,25,62.7,27,260,5.91,59,0.51,70.0,42.7,2.3,1,1.15,27.3,56.9,720,0.45,1.05,32.6,3,3,0.55,0.71,7.4,9.63,2.45
44526,Lloyd George Muirhead Harris,21,South Africa,0.0,0.0,True,True,2015,257990,0,0,0,0,98,98,161,149,1748,0,61.5,0.0,0.0,0.0,0.0,0.0,0.0,0.0,0.0,25.0,75.0,50.0,0.0,90.0,12.5,20.0,0.0,55.6,0.0,55.6,55.6,0.0,0.0,0.0,0.0,33.3,16.7,0.0,0.0,0.0,0.0,0.0,33.3,0.0,0.0,0.0,0.0,50.0,0.0,0.0,0.0,0.0,0.0,44.4,11.1,11.1,33.3,44.4,11.1,0.0,0.0,11.1,33.3,1.2,0.28,1.02,28.9,0.645,0.61,0.25,6.57,2.52,1708,9.6,36.9,7.4,4.13,47.0,76.1,10.2,2.46,270,155.6,1.1,1.1,2,2.9,50.6,2.71,4,38.9,31.2,2.73,7.6,3.8,0.63,27,8.5,1.29,4.0,0.61,0.99,50.9,18,11.8,100.0,55,11.8,60.0,60.9,1.05,1.07,229,1.06,2.54,1.04,1.06,7.4,20.0,3.5,137,2.8,50.2,55.1,0.96,1.2,6.28,61.6,2801,23.5,2,24.3,54,55.9,49,437,6.41,76,1.21,70.6,52.4,3.0,1,1.24,55.6,57.2,1418,0.74,1.01,39.2,5,10,1.09,0.4,5.6,8.92,2.72
25898,Andrey Rublev,21,Russian Federation,0.0,0.0,True,True,2014,2472884,1,0,0,0,99,31,82,31,1999,394,45.0,43.5,60.0,0.0,50.0,0.0,25.0,0.0,54.5,45.7,50.0,53.3,40.0,85.7,11.9,38.3,100.0,48.3,33.3,44.8,47.6,0.0,0.0,10.0,23.5,36.8,41.5,50.0,0.0,66.7,33.3,42.9,48.6,35.3,54.5,0.0,35.3,35.3,48.5,50.0,20.0,75.0,0.0,27.1,16.5,12.9,43.5,23.8,14.3,9.5,14.3,19.0,19.0,1.03,0.44,0.98,23.5,0.5950000000000001,0.58,0.33,6.53,2.52,1936,6.0,37.7,7.7,3.89,40.7,75.4,17.0,2.5,43,162.4,1.58,0.91,17,3.0,49.6,2.98,46,39.0,29.3,2.8,4.8,5.0,0.39,127,12.4,1.14,4.3,0.62,0.98,51.9,108,15.7,96.0,357,26.9,62.2,60.4,0.93,1.03,1317,1.18,1.19,0.99,0.92,7.2,38.3,2.9,491,1.87,47.9,45.8,1.02,1.07,6.56,61.3,16565,42.6,29,24.8,414,59.5,277,2679,6.53,757,0.95,70.5,49.2,4.1,18,1.23,45.4,63.2,8217,0.62,0.99,38.1,47,49,0.92,0.77,9.1,9.67,2.56
5148,Pedro Sousa,30,Portugal,0.0,180.0,True,True,2007,420848,0,0,0,0,100,100,162,148,1757,0,0.0,47.1,0.0,100.0,0.0,0.0,0.0,0.0,0.0,25.0,77.8,25.0,0.0,77.8,23.1,42.9,100.0,42.9,100.0,38.9,75.0,0.0,0.0,0.0,0.0,0.0,23.1,0.0,0.0,0.0,0.0,0.0,33.3,0.0,0.0,0.0,0.0,0.0,0.0,0.0,20.0,40.0,0.0,23.5,11.8,35.3,29.4,50.0,25.0,0.0,0.0,0.0,25.0,0.91,0.32,0.94,27.1,0.6383333333333333,0.66,0.21,6.53,2.81,1774,2.6,39.2,8.4,4.19,41.2,67.0,12.3,2.68,154,151.8,0.95,0.93,0,3.8,48.6,3.38,5,40.0,33.4,3.12,1.9,3.2,0.17,28,11.3,1.29,3.7,0.73,0.96,54.1,22,0.0,96.0,49,25.0,57.7,54.9,0.96,0.99,268,1.52,0.83,1.05,0.89,7.7,42.9,3.2,33,0.79,45.6,49.1,1.04,1.01,6.6,57.0,2580,25.0,5,23.9,40,72.1,57,526,6.56,54,0.82,61.3,51.0,2.4,3,1.18,45.5,61.4,1255,0.67,0.93,40.6,7,10,1.01,0.88,4.1,9.23,2.59
