Player_id,Player,Age,Country,Height,Weight,isRightHanded,isBackhandTwoHands,Turned_Pro,Prize_Money,Titles,Grand_Slam,Masters,Finals,Current_Rank,Best_Rank,Current_Elo_Rank,Best_Elo_Rank,Pick_Elo_Rank,Goat_Rank,Hard,Clay,Grass,Carpet,Grand_Slam.1,Tour_Finals,Masters.1,Olympics,ATP_500,ATP_250,Davis_Cup,Deciding_Set,Fifth_Set,After_Winning_1st_Set,After_Losing_1st_Set,Tie-Breaks,Deciding_Set_Tie-Breaks,Outdoor,Indoor,Best_of_3,Best_of_5,Vs_No._1,Vs_Top_5,Vs_Top_10,Vs_Top_20,Vs_Top_50,Vs_Top_100,Final,For_Bronze_Medal,Semi-Final,Quarter-Final,Round_of_16,Round_of_32,Round_of_64,Round_of_128,Round-Robin,Very_Fast,Fast,Medium_Fast,Medium,Medium_Slow,Slow,Very_Slow,Best_of_3:_2:0,Best_of_3:_2:1,Best_of_3:_1:2,Best_of_3:_0:2,Best_of_5:_3:0,Best_of_5:_3:1,Best_of_5:_3:2,Best_of_5:_2:3,Best_of_5:_1:3,Best_of_5:_0:3,2nd_Serve_Won_%,Pts._Won_per_Rtn._Game,Upsets,2nd_Srv._Return_Won_%,Sets_Played,Point_Time_(seconds),Pts._to_Sets_Over-Perf.,Double_Faults,Total_Points_Won,Tie-Breaks_Played,Tie-Breaks_Won,Opponent_Rank,Games_Dominance,R._Pts._to_R._Gms._Ov.-Perf.,Service_Games_Won_%,Opponent_Elo_Rating,Matches_Played,Upsets_scored,Double_Faults_Against,Gms._to_Matches_Ov.-Perf.,Rtn._In-play_Pts._Won_%,Game_Time_(minutes),1st_Serve_%,BPs_per_Return_Game,1st_Serve_Won_%,Pts._to_Gms._Over-Perf.,Gms._to_Sets_Over-Perf.,Points_per_Service_Game,BPs_per_Svc._Game,Total_Games_Won,Break_Points_Saved_%,Upsets_scored_%,DFs_per_Set,Ace_%,Svc._In-play_Pts._Won_%,Sets_to_Matches_Ov.-Perf.,Total_Games_Played,Games_per_Set,Tie-Breaks_per_Match,S._Pts._to_S._Gms._Ov.-Perf.,Aces_per_Match,Sets_Won_%,Points_Dominance,Break_Points_Won_%,Rtn._to_Svc._Points_Ratio,Match_Time,Tie-Breaks_Won_%,Return_Games_Won_%,Svc._Gms._Lost_per_Set,DFs_per_Match,Set_Time_(minutes),DFs_per_2nd_Serve_%,Service_Points_Won_%,Rtn._Gms._Won_per_Match,Tie-Breaks_per_Set_%,Matches_Won,Sets_Won,Pts._to_TBs._Over-Perf.,Upsets_%,Pts._to_Matches_Over-Perf.,Double_Fault_Against_%,Rtn._Gms._Won_per_Set,Return_Points_Won_%,BPs_Over-Performing,Aces_per_Svc._Game,Points_per_Set,Ace_Against_%,Aces_/_DFs_Ratio,Games_per_Match,Upsets_against,Total_Points_Played,Games_Won_%,Double_Fault_%,Matches_Won_%,Ace_Against,Break_Points_Ratio,DFs_per_Svc._Game,Upsets_against_%,Points_per_Return_Game,BPs_Faced_per_Set,Aces_per_Set,Points_per_Match,Points_per_Game,BPs_Faced_per_Match,Sets_per_Match,Svc._Gms._Lost_per_Match,1st_Srv._Return_Won_%,BPs_Saved_Over-Perf.,Pts._Lost_per_Svc._Game,Aces,Total_Points_Won_%,BPs_per_Set,BPs_per_Match,BPs_Conv._Over-Perf.
4920,Novak Djokovic,31,Serbia,77.0,188.0,True,True,2003,125772589,73,15,32,5,1,1,1,1,2629,2,84.3,79.4,83.0,69.2,86.6,74.5,82.0,69.2,85.7,77.2,81.6,74.3,76.3,96.1,42.5,63.3,71.4,83.9,76.5,81.2,86.0,43.3,60.3,68.8,72.2,79.0,81.8,68.6,50.0,72.7,82.5,87.2,90.1,86.8,94.8,74.3,83.1,81.9,82.8,86.4,83.7,73.8,75.7,60.0,21.5,7.6,11.0,57.9,20.4,9.0,2.8,5.0,5.0,55.5,2.8,179,55.2,2693,0.6933333333333334,1.39,2212,84535,368,233,23,2.25,0.76,85.7,2044,1022,58,2769,1.4,42.8,4.45,64.9,0.73,73.4,1.09,1.28,6.18,0.41,15036,65.4,5.7,0.86,7.0,66.7,1.09,25396,9.43,0.36,1.28,5.4,75.8,1.28,44.2,1.05,109.0,63.3,32.2,0.68,2.3,42.0,8.3,67.1,3.9,13.7,846,2041,1.16,17.5,1.52,3.5,1.49,42.2,0.96,0.43,60.4,6.2,2.39,24.8,121,155526,59.2,2.9,82.8,4948,1.28,0.18,11.9,6.65,1.98,2.06,158.2,6.41,5.2,2.64,1.8,33.6,0.98,2.03,5296,54.4,3.38,8.8,1.05
4742,Rafael Nadal,32,Spain,85.0,185.0,False,True,2001,0,80,17,33,0,2,1,2,1,2552,3,77.4,92.0,77.6,25.0,87.2,55.2,82.5,83.3,87.2,74.1,96.0,68.6,65.6,95.0,42.8,61.0,52.9,84.8,65.4,80.9,87.9,51.4,59.7,65.3,71.6,77.5,82.0,68.4,0.0,76.3,76.6,88.9,89.4,88.7,96.4,63.6,73.7,77.1,77.3,85.2,89.8,93.2,94.2,63.9,17.4,7.8,11.0,63.7,18.0,6.8,3.5,3.9,4.2,57.3,2.79,195,55.3,2843,0.7483333333333333,1.42,1717,89229,372,227,27,2.31,0.79,85.6,2020,1114,54,2905,1.39,43.7,4.75,68.6,0.74,71.8,1.1,1.3,6.12,0.43,15842,66.3,4.8,0.62,4.1,67.4,1.07,26544,9.34,0.33,1.27,3.0,77.3,1.3,44.9,1.07,112.0,61.0,33.3,0.68,1.6,44.4,6.9,67.2,3.9,13.1,924,2198,1.12,17.5,1.52,3.4,1.55,42.4,0.97,0.25,59.3,7.2,1.87,23.8,141,163919,59.7,2.2,82.9,6114,1.34,0.13,12.7,6.57,2.01,1.16,150.5,6.34,5.1,2.55,1.7,34.2,0.99,2.0,3219,54.4,3.46,8.8,1.06
644,Alexander Zverev,21,Germany,86.0,198.0,True,True,2013,15747928,10,0,3,1,3,3,7,5,2231,69,64.1,70.7,66.7,0.0,62.5,62.5,69.2,0.0,67.1,67.2,50.0,60.6,60.0,83.8,34.7,57.1,90.0,67.7,60.8,67.7,60.4,33.3,47.4,46.3,50.0,59.5,63.2,66.7,0.0,55.6,72.2,69.2,63.0,69.7,83.3,50.0,58.7,63.5,79.3,70.8,56.0,72.7,66.7,43.8,23.5,15.2,17.5,33.3,8.3,18.8,12.5,16.7,10.4,51.2,2.41,80,50.7,707,0.6066666666666667,1.2,1024,22267,112,64,34,1.32,0.64,81.5,1979,268,40,785,1.25,37.9,3.83,62.7,0.57,73.0,1.03,1.16,6.28,0.47,3639,60.8,14.9,1.45,9.2,64.7,1.08,6873,9.72,0.42,1.26,7.4,61.4,1.08,42.9,1.01,98.0,57.1,24.4,0.9,3.8,37.3,12.7,64.9,3.1,15.8,178,434,1.11,29.9,1.29,3.6,1.18,37.9,0.99,0.58,61.4,6.0,1.94,25.6,40,43397,52.9,4.7,66.4,1298,1.09,0.3,14.9,6.36,2.29,2.8,161.9,6.31,6.1,2.64,2.4,29.7,0.94,2.21,1982,51.3,2.76,7.3,1.13
5216,Juan Martin Del Potro,30,Argentina,97.0,198.0,True,True,2005,25359003,22,1,1,0,4,3,4,3,2329,33,72.2,70.9,69.6,75.0,72.9,46.7,65.6,83.3,78.9,72.7,78.9,68.6,43.8,92.6,32.0,58.9,80.0,71.9,71.5,71.4,73.0,43.5,35.2,40.8,52.2,64.7,69.8,62.9,100.0,57.6,65.1,71.7,77.1,74.3,90.9,56.3,69.6,69.1,69.2,77.3,73.3,72.7,40.0,52.3,20.6,8.1,19.0,46.5,21.8,4.9,6.3,9.9,10.6,53.2,2.48,187,51.8,1523,0.7366666666666667,1.28,1332,47266,265,156,28,1.67,0.66,84.9,2010,599,126,1599,1.3,40.1,4.65,63.8,0.61,74.5,1.05,1.22,6.18,0.41,8179,63.3,21.1,0.91,9.8,65.3,1.07,14821,9.73,0.44,1.27,7.4,67.2,1.16,41.8,1.04,114.0,58.9,25.3,0.74,2.3,45.2,8.3,66.8,3.1,17.4,430,1023,1.12,31.3,1.37,3.5,1.23,38.6,0.96,0.61,61.4,9.0,3.25,24.7,61,90167,55.2,3.0,71.8,4145,1.14,0.19,10.2,6.42,2.01,2.95,155.2,6.3,5.1,2.54,1.9,29.9,0.95,2.06,4328,52.4,2.95,7.5,1.08
4728,Kevin Anderson,32,South Africa,0.0,203.0,True,True,2007,15732933,6,0,0,0,5,5,8,7,2182,114,61.1,53.4,59.0,0.0,63.9,50.0,53.8,50.0,58.1,60.9,88.9,57.1,58.3,84.2,29.6,55.0,60.5,60.3,53.4,57.7,65.5,0.0,27.5,21.3,31.2,45.5,54.8,31.6,0.0,63.3,44.6,54.8,60.8,69.1,68.8,66.7,63.0,57.9,55.7,59.4,61.8,46.7,33.3,35.5,21.7,16.4,26.3,29.2,24.8,12.4,8.8,8.8,15.9,53.2,2.19,164,47.0,1430,0.6516666666666667,1.1,1610,45377,349,192,39,1.24,0.48,86.8,1960,544,69,1636,1.14,34.5,4.09,64.6,0.46,76.9,1.01,1.08,6.18,0.39,7487,65.9,12.7,1.15,15.5,65.6,1.05,14408,10.08,0.64,1.27,12.7,56.4,1.09,36.0,1.02,107.0,55.0,16.4,0.67,3.0,41.3,10.4,68.5,2.2,24.4,323,806,1.07,30.1,1.16,3.7,0.82,34.4,0.97,0.95,63.4,7.3,4.2,26.5,95,88593,52.0,3.7,59.4,3268,1.05,0.23,17.5,6.39,1.97,4.84,165.6,6.28,5.1,2.63,1.8,26.3,0.96,1.95,6769,51.2,2.29,6.0,1.05
3819,Roger Federer,37,Switzerland,85.0,185.0,True,False,1998,120514916,99,20,27,6,6,1,3,1,2550,1,83.4,75.9,87.1,72.5,86.1,79.2,77.8,72.2,86.7,80.6,83.3,64.9,58.0,93.3,41.1,64.8,55.0,82.5,79.9,80.5,84.8,34.5,59.3,65.3,70.2,77.8,80.7,66.0,0.0,75.1,81.0,85.9,87.6,85.1,90.9,85.4,83.0,83.1,84.7,80.8,80.2,76.2,77.4,60.2,20.1,10.3,9.5,63.2,15.2,6.3,4.5,5.6,5.2,56.8,2.64,259,50.9,3823,0.6133333333333333,1.4,2624,120518,676,438,27,2.37,0.67,88.7,2018,1444,75,4080,1.41,40.0,3.89,61.9,0.65,77.3,1.07,1.31,6.06,0.34,21493,67.1,5.2,0.72,10.1,67.9,1.08,36979,9.67,0.47,1.28,7.8,76.0,1.31,41.2,1.07,98.0,64.8,26.7,0.55,1.9,37.6,6.4,69.5,3.4,17.7,1183,2904,1.2,17.9,1.51,3.5,1.28,39.8,0.93,0.61,61.4,5.8,4.13,25.6,184,222607,58.1,2.4,81.9,6709,1.25,0.15,12.8,6.63,1.67,2.99,161.1,6.34,4.4,2.65,1.4,32.5,0.97,1.85,10832,54.1,3.1,8.1,1.04
5442,Kei Nishikori,29,Japan,77.0,178.0,True,True,2007,21673386,12,0,0,0,7,4,6,4,2296,50,0.0,0.0,0.0,0.0,0.0,0.0,0.0,0.0,0.0,0.0,0.0,0.0,0.0,0.0,0.0,0.0,0.0,0.0,0.0,0.0,0.0,0.0,0.0,0.0,0.0,0.0,0.0,0.0,0.0,0.0,0.0,0.0,0.0,0.0,0.0,0.0,0.0,0.0,0.0,0.0,0.0,0.0,0.0,0.0,0.0,0.0,0.0,0.0,0.0,0.0,0.0,0.0,0.0,53.0,2.57,144,53.0,1444,0.6649999999999999,1.22,1432,43875,201,121,33,1.38,0.68,80.6,1992,559,66,1652,1.27,40.5,4.28,61.1,0.65,71.1,1.04,1.17,6.36,0.5,7415,61.3,11.8,1.03,4.4,64.7,1.09,13775,9.54,0.36,1.26,3.4,62.9,1.1,41.0,1.03,104.0,60.2,26.8,0.92,2.6,40.8,8.8,64.1,3.3,13.9,382,908,1.17,25.8,1.32,3.8,1.28,39.5,0.97,0.28,61.3,8.2,1.3,24.6,78,84999,53.8,3.4,68.3,3532,1.06,0.22,14.0,6.52,2.39,1.34,157.1,6.44,6.1,2.58,2.4,30.5,0.96,2.28,1860,51.6,3.12,8.0,1.04
6219,Dominic Thiem,25,Austria,82.0,185.0,True,False,2011,14132144,11,0,0,0,8,4,13,8,2201,89,55.3,74.5,51.9,0.0,69.6,33.3,55.7,0.0,60.8,68.9,66.7,60.6,50.0,89.4,29.5,51.9,47.1,65.2,53.2,61.6,68.4,22.2,32.3,31.9,38.3,55.9,63.2,61.1,0.0,66.7,56.3,60.0,66.0,62.2,84.0,33.3,49.3,56.4,64.3,76.1,71.4,71.4,50.0,40.1,21.2,13.0,25.7,36.1,26.4,8.3,8.3,8.3,12.5,53.0,2.47,123,49.9,910,0.6066666666666667,1.16,1039,28922,160,83,37,1.36,0.62,82.8,1964,355,47,936,1.19,38.2,3.89,58.8,0.61,74.3,1.03,1.13,6.27,0.46,4713,62.9,13.2,1.16,7.6,65.3,1.06,8920,9.8,0.45,1.26,6.0,59.7,1.09,38.5,1.04,97.0,51.9,23.3,0.84,3.0,38.1,9.2,65.5,2.9,17.6,224,543,1.01,34.6,1.23,3.3,1.14,37.7,0.96,0.48,62.7,6.5,2.02,25.1,76,56349,52.8,3.8,63.1,1859,1.04,0.24,21.4,6.54,2.27,2.34,160.1,6.4,5.8,2.56,2.1,30.1,0.96,2.16,2101,51.3,2.97,7.6,1.02
4544,John Isner,33,United States,0.0,206.0,True,True,2007,16888108,14,0,1,0,9,8,26,10,2147,72,63.2,54.3,65.7,0.0,62.9,0.0,59.6,75.0,55.3,67.3,57.7,57.4,37.9,84.6,30.3,60.8,56.3,62.9,53.6,61.9,60.9,18.2,20.8,28.6,36.6,45.5,57.8,53.8,0.0,55.3,57.3,61.5,57.0,75.5,76.6,0.0,56.3,60.6,63.2,65.6,67.4,33.3,25.0,35.4,26.8,17.9,19.9,33.3,20.0,8.1,13.3,13.3,11.9,56.1,1.86,210,42.0,1730,0.6183333333333334,1.15,1419,55771,651,396,41,1.26,0.35,91.7,1953,637,72,2024,1.2,30.0,3.84,68.9,0.34,78.5,1.01,1.14,6.18,0.28,9438,70.8,11.3,0.85,20.4,66.4,1.05,18391,10.63,1.02,1.28,18.1,58.6,1.05,30.7,1.0,109.0,60.8,10.5,0.44,2.3,40.8,8.3,71.5,1.5,37.6,393,1013,1.2,33.0,1.22,3.7,0.56,29.9,0.97,1.26,66.0,8.9,7.92,28.9,138,109973,51.3,2.6,61.7,4893,1.05,0.16,21.7,6.24,1.52,6.75,177.7,6.21,4.1,2.72,1.2,22.6,0.99,1.76,11234,50.7,1.81,4.9,1.03
5220,Marin Cilic,30,Croatia,82.0,198.0,True,True,2005,26106425,18,1,1,0,10,3,9,6,2231,53,66.1,62.6,71.0,44.4,72.6,16.7,54.2,57.1,66.9,71.7,72.5,58.6,64.4,86.2,30.0,53.4,44.4,65.6,65.4,63.0,72.7,14.3,16.9,29.1,38.8,53.1,61.8,56.3,0.0,58.2,52.9,67.3,68.8,70.4,85.1,16.7,67.1,63.8,64.7,64.7,64.9,71.0,60.0,42.4,20.1,15.0,22.5,42.6,13.8,15.4,8.5,7.4,12.2,52.9,2.49,196,50.2,1964,0.6583333333333333,1.19,1993,60329,348,186,36,1.45,0.61,84.0,1974,735,64,2044,1.22,38.5,4.2,56.4,0.59,76.8,1.04,1.15,6.23,0.44,10284,63.9,8.7,1.07,11.4,64.6,1.06,19097,9.72,0.47,1.27,9.1,61.7,1.13,39.0,1.04,108.0,53.4,23.2,0.78,2.8,40.9,8.0,66.4,3.0,17.7,482,1211,1.03,26.7,1.26,3.5,1.12,38.0,0.96,0.71,62.2,6.7,3.25,26.0,132,116190,53.9,3.5,65.6,3944,1.08,0.22,18.0,6.56,2.17,3.47,164.1,6.38,5.7,2.67,2.1,30.4,0.96,2.1,6476,51.9,2.87,7.6,1.03
11547,Karen Khachanov,22,Russian Federation,0.0,0.0,True,True,2013,4975535,4,0,1,0,11,11,14,11,2137,231,53.5,58.1,71.4,0.0,64.3,0.0,54.1,0.0,54.3,56.9,33.3,46.0,60.0,80.0,19.4,48.0,22.2,55.1,59.0,55.3,58.8,0.0,18.2,30.4,31.0,46.0,50.4,100.0,0.0,66.7,37.5,45.7,60.0,61.5,71.4,1.4,72.0,45.8,40.0,54.2,55.6,62.5,50.0,38.0,16.5,20.7,24.8,23.5,26.5,8.8,5.9,11.8,23.5,51.1,2.38,53,49.7,413,0.6583333333333333,1.07,457,13111,98,47,36,1.22,0.58,82.6,1964,157,35,449,1.08,37.0,4.23,60.5,0.53,74.6,1.02,1.06,6.41,0.47,2111,63.3,22.6,1.13,10.8,63.7,1.02,4079,9.88,0.62,1.26,9.0,54.7,1.06,40.2,1.01,109.0,48.0,21.3,0.86,3.0,41.9,9.1,65.3,2.8,23.7,88,226,0.94,34.2,1.1,3.5,1.05,36.8,1.0,0.69,63.7,6.5,3.04,26.0,18,25725,51.8,3.6,56.1,847,1.09,0.23,11.6,6.46,2.35,3.43,167.0,6.44,6.2,2.63,2.3,28.7,0.97,2.22,1387,51.0,2.63,6.9,1.09
26578,Stefanos Tsitsipas,20,Greece,0.0,0.0,True,False,2016,2008000,1,0,0,0,12,12,19,18,2088,260,55.6,57.9,60.0,0.0,58.8,0.0,52.4,0.0,65.2,51.6,0.0,57.1,100.0,87.0,26.1,49.1,60.0,58.0,52.2,56.0,58.8,0.0,25.0,40.0,45.2,53.7,53.2,33.3,0.0,42.9,50.0,73.7,51.9,61.5,55.6,0.0,58.3,44.4,64.3,45.5,71.4,66.7,0.0,34.2,20.5,16.4,28.8,11.8,41.2,5.9,0.0,11.8,29.4,53.5,2.14,37,47.6,237,0.6916666666666667,1.04,234,7551,53,26,31,1.13,0.51,84.4,1982,92,23,259,1.1,34.2,4.33,58.4,0.45,75.5,1.01,1.03,6.29,0.42,1221,62.5,25.0,0.99,9.2,65.2,1.07,2383,10.05,0.58,1.27,7.6,52.7,1.02,38.8,0.98,112.0,49.1,17.6,0.79,2.5,43.6,7.4,66.4,2.3,22.4,52,125,0.97,40.2,1.12,3.5,0.88,34.3,1.0,0.58,63.1,6.3,2.97,25.9,14,14946,51.2,3.1,56.5,467,1.04,0.19,15.2,6.25,2.12,2.93,162.5,6.27,5.5,2.58,2.0,26.3,0.94,2.12,695,50.5,2.26,5.8,1.13
6418,Borna Coric,22,Croatia,0.0,0.0,True,True,2013,5631859,2,0,0,0,13,12,15,13,2101,217,51.4,56.9,46.7,0.0,48.6,0.0,55.9,0.0,57.9,48.5,58.8,51.4,57.1,82.9,23.7,51.6,90.0,54.4,43.3,53.2,51.9,50.0,34.8,30.8,31.3,44.7,51.2,40.0,0.0,55.6,42.9,54.1,47.3,64.9,56.0,0.0,58.2,38.5,54.1,61.2,47.8,33.3,0.0,33.5,19.8,19.2,27.5,26.0,18.0,8.0,6.0,14.0,28.0,52.8,2.3,82,50.5,587,0.645,1.03,505,17319,93,48,31,1.09,0.58,80.7,1978,225,55,641,1.04,37.3,4.08,61.9,0.54,71.5,1.01,1.02,6.34,0.5,2879,61.6,24.4,0.9,7.3,63.6,1.02,5679,9.67,0.41,1.25,5.7,52.0,1.02,39.0,1.01,101.0,51.6,21.0,0.93,2.3,39.5,7.7,64.4,2.6,15.8,119,305,1.03,36.4,1.05,3.7,1.02,36.3,0.99,0.46,61.3,8.8,2.48,25.2,27,34441,50.7,2.9,52.9,1529,1.02,0.19,12.0,6.33,2.42,2.23,158.0,6.33,6.2,2.61,2.4,27.1,0.96,2.26,1252,50.3,2.62,6.7,1.08
5670,Milos Raonic,28,Canada,98.0,196.0,True,True,2008,17588771,8,0,0,0,14,3,10,5,2269,66,70.2,64.0,68.3,0.0,72.7,33.3,64.2,50.0,69.5,71.7,76.2,60.5,56.3,87.9,27.6,62.2,69.7,68.9,67.5,66.7,73.8,0.0,23.9,32.2,43.8,58.7,66.3,38.1,0.0,58.3,54.3,65.4,76.3,79.5,90.3,40.0,63.6,69.2,74.4,66.7,70.0,61.5,60.0,47.6,19.5,12.4,20.4,47.7,19.5,7.0,5.5,10.2,10.2,54.9,2.15,129,45.9,1242,0.6383333333333333,1.25,1452,38524,331,206,34,1.75,0.47,90.9,1990,475,45,1190,1.28,34.2,3.95,62.9,0.44,81.2,1.03,1.21,6.02,0.29,6787,69.2,9.5,1.24,19.2,68.1,1.05,12627,10.17,0.7,1.27,15.3,65.3,1.19,36.0,1.04,103.0,62.2,15.8,0.46,3.2,40.2,10.9,71.5,2.1,26.7,326,811,1.19,27.2,1.31,3.2,0.8,33.9,0.95,1.16,62.9,7.0,4.78,26.6,84,73710,53.7,4.0,68.6,2628,1.17,0.24,17.7,6.34,1.51,5.92,162.0,6.18,3.9,2.61,1.2,26.8,0.97,1.72,6944,52.3,2.23,5.7,1.06
4921,Fabio Fognini,31,Italy,0.0,178.0,True,True,2004,11094798,8,0,0,0,15,13,25,14,2112,171,0.0,0.0,0.0,0.0,0.0,0.0,0.0,0.0,0.0,0.0,0.0,0.0,0.0,0.0,0.0,0.0,0.0,0.0,0.0,0.0,0.0,0.0,0.0,0.0,0.0,0.0,0.0,0.0,0.0,0.0,0.0,0.0,0.0,0.0,0.0,0.0,0.0,0.0,0.0,0.0,0.0,0.0,0.0,0.0,0.0,0.0,0.0,0.0,0.0,0.0,0.0,0.0,0.0,48.2,2.53,194,51.0,1604,0.635,1.04,2358,46710,213,118,45,0.97,0.7,71.7,1935,615,79,1734,1.08,39.5,4.13,59.1,0.64,67.4,1.0,1.04,6.58,0.66,7531,56.7,12.8,1.54,4.0,61.0,1.04,15165,9.45,0.35,1.2,3.2,51.7,0.98,42.9,0.98,100.0,55.4,27.5,1.34,4.0,39.0,12.1,59.5,3.4,13.3,331,829,1.12,31.5,1.09,3.7,1.31,39.5,1.01,0.26,61.4,5.7,0.81,24.7,115,94169,49.7,5.0,53.8,2660,0.99,0.33,18.7,6.41,3.09,1.25,158.8,6.49,8.0,2.61,3.5,31.9,0.95,2.66,1912,49.6,3.04,7.9,1.09
6407,Daniil Medvedev,23,Russian Federation,0.0,0.0,True,True,2015,2604780,4,0,0,0,16,16,11,11,2125,287,65.3,15.4,59.1,0.0,50.0,0.0,36.4,0.0,67.9,66.7,50.0,60.0,0.0,88.4,28.1,55.6,54.5,54.8,70.0,60.9,50.0,0.0,12.5,9.1,40.0,47.9,55.6,66.7,0.0,66.7,50.0,69.2,59.0,52.4,58.3,0.0,71.7,64.9,52.0,40.0,33.3,25.0,0.0,37.5,24.1,14.3,24.1,35.3,17.6,0.0,11.8,11.8,23.5,50.2,2.38,50,51.4,335,0.65,1.12,477,10224,45,25,42,1.18,0.63,80.0,1950,133,37,409,1.15,37.5,4.15,59.0,0.6,72.9,1.02,1.1,6.46,0.54,1660,63.1,27.8,1.45,9.1,63.2,1.05,3207,9.57,0.34,1.26,7.1,56.7,1.03,39.3,0.99,100.0,55.6,23.6,0.95,3.6,39.7,11.4,63.6,2.8,13.4,79,190,1.1,37.6,1.17,4.1,1.13,37.5,1.0,0.59,61.2,6.6,1.95,24.1,13,20185,51.8,4.7,59.4,666,1.07,0.3,9.8,6.34,2.59,2.82,154.1,6.39,6.5,2.52,2.4,28.7,0.99,2.35,929,50.7,2.87,7.2,1.05
5131,Roberto Bautista Agut,30,Spain,0.0,183.0,True,True,2006,8754572,9,0,0,0,17,13,12,12,2135,171,63.7,59.8,68.6,0.0,65.8,0.0,55.0,75.0,57.1,69.6,54.5,60.5,68.8,87.6,29.1,52.1,59.1,63.7,59.3,62.3,64.6,28.6,12.9,16.4,27.1,48.4,58.6,56.3,0.0,51.6,64.6,51.6,63.4,75.4,83.3,0.0,62.7,65.2,72.0,55.0,54.2,44.4,50.0,41.3,21.5,14.7,22.4,35.8,14.8,13.6,6.2,13.6,16.0,53.6,2.59,106,52.7,1050,0.6266666666666667,1.15,809,33218,167,87,41,1.32,0.66,80.1,1954,406,38,1223,1.18,40.7,4.05,65.9,0.63,69.6,1.03,1.11,6.35,0.53,5379,62.4,9.4,0.78,3.9,64.4,1.06,10068,9.59,0.41,1.25,3.1,59.4,1.1,41.7,1.01,100.0,52.1,26.3,0.97,2.0,38.9,7.5,64.2,3.2,15.9,255,624,1.01,26.2,1.21,3.8,1.25,39.5,0.99,0.25,61.9,8.4,1.54,24.8,68,64174,53.4,2.5,62.8,2709,1.11,0.16,16.8,6.57,2.57,1.2,160.0,6.45,6.6,2.59,2.5,30.7,0.97,2.27,1248,51.8,2.99,7.7,1.06
6051,Marco Cecchinato,26,Italy,0.0,0.0,True,False,2010,2223050,2,0,0,0,18,18,78,38,1953,316,25.0,42.0,40.0,0.0,38.5,0.0,30.8,0.0,11.1,41.9,100.0,46.2,50.0,63.0,23.1,48.6,66.7,37.8,20.0,36.4,38.5,0.0,0.0,16.7,27.3,33.3,36.4,100.0,0.0,40.0,71.4,46.2,25.0,36.4,12.5,0.0,35.7,0.0,33.3,45.8,50.0,33.3,0.0,19.7,16.7,19.7,43.9,7.7,23.1,7.7,7.7,30.8,23.1,48.4,2.13,34,47.9,206,0.6283333333333334,0.82,199,6082,35,17,52,0.7,0.5,75.3,1926,79,13,187,0.79,34.9,4.0,67.1,0.48,68.4,0.96,0.86,6.47,0.57,920,56.5,16.5,0.97,5.5,61.6,0.92,1980,9.61,0.44,1.22,4.5,39.8,0.9,35.5,0.96,100.0,48.6,17.2,1.19,2.5,38.4,9.4,61.8,2.2,17.0,29,82,1.01,43.0,0.76,3.0,0.83,34.2,0.97,0.36,61.1,7.6,1.79,25.1,21,12596,46.5,3.1,36.7,471,0.82,0.2,26.6,6.24,2.73,1.73,159.4,6.36,7.1,2.61,3.1,26.2,0.91,2.47,356,48.3,2.33,6.1,1.04
6029,Diego Sebastian Schwartzman,26,Argentina,0.0,170.0,True,True,2010,4557551,2,0,0,0,19,11,30,20,2052,287,52.6,52.8,11.1,0.0,53.7,0.0,45.5,0.0,56.3,50.0,57.1,50.8,57.1,79.8,17.3,37.3,60.0,50.0,58.3,50.3,53.3,0.0,0.0,13.6,20.9,38.1,44.4,50.0,0.0,44.4,40.9,50.0,53.0,54.3,52.0,0.0,47.2,42.4,54.3,54.0,47.4,75.0,60.0,33.1,17.2,17.2,32.5,29.5,15.9,9.1,6.8,15.9,22.7,50.2,2.73,76,54.5,549,0.6483333333333333,1.01,595,16969,67,25,43,1.12,0.76,71.8,1939,212,30,660,0.99,42.6,4.22,60.8,0.72,65.9,1.01,1.0,6.47,0.63,2667,55.5,14.2,1.09,3.3,60.6,1.0,5197,9.47,0.32,1.2,2.6,51.2,1.03,43.8,1.03,103.0,37.3,31.5,1.33,2.8,40.0,9.2,59.7,3.9,12.2,108,281,0.74,35.8,1.01,3.9,1.51,41.7,0.97,0.22,61.7,7.4,0.93,24.5,46,33559,51.3,3.6,50.9,1264,0.98,0.23,21.7,6.56,2.98,1.02,159.8,6.51,7.7,2.59,3.4,32.9,0.93,2.6,553,50.6,3.44,8.9,1.05
5918,Nikoloz Basilashvili,26,Georgia,0.0,185.0,True,True,2008,3479870,2,0,0,0,20,20,33,30,1990,316,47.6,46.5,40.0,0.0,46.2,0.0,30.0,0.0,61.9,47.1,57.1,47.8,75.0,82.4,15.6,61.7,0.0,45.2,53.3,45.6,51.6,0.0,16.7,25.0,31.0,38.3,40.2,50.0,0.0,57.1,58.3,52.2,40.0,52.6,38.9,0.0,47.6,21.1,56.7,56.3,33.3,0.0,40.0,28.7,17.6,21.3,32.4,22.6,19.4,9.7,3.2,29.0,16.1,49.7,2.35,55,50.1,380,0.5966666666666666,0.99,628,11477,60,37,55,0.85,0.6,73.7,1906,145,35,446,0.98,38.5,3.87,61.6,0.58,67.1,0.98,1.01,6.61,0.63,1745,58.1,24.3,1.66,4.5,62.0,0.97,3630,9.55,0.41,1.22,3.7,48.4,0.94,38.7,0.96,97.0,61.7,22.3,1.26,4.4,37.0,13.7,60.4,2.8,15.8,68,184,1.26,38.2,0.96,3.9,1.07,37.1,1.0,0.3,61.9,9.8,0.85,25.0,20,23410,48.1,5.2,46.9,1116,0.92,0.35,13.9,6.34,3.01,1.42,162.6,6.48,7.9,2.62,3.3,28.5,0.96,2.62,536,49.0,2.75,7.2,1.04
5663,David Goffin,28,Belgium,0.0,163.0,True,True,2009,10265940,4,0,0,0,21,7,16,8,2165,136,62.1,63.1,46.7,0.0,62.3,50.0,59.4,50.0,61.9,55.8,88.5,64.2,73.3,88.8,31.3,48.6,57.9,61.5,59.7,58.6,68.8,16.7,18.2,24.1,32.3,48.5,55.9,36.4,0.0,50.0,47.6,51.2,63.4,76.3,64.5,50.0,52.0,63.9,62.7,55.1,59.2,55.6,66.7,34.4,23.9,14.1,27.5,35.6,22.2,12.2,4.4,8.9,16.7,51.1,2.6,112,53.0,999,0.6116666666666667,1.12,1255,29867,142,69,38,1.26,0.69,78.1,1963,378,45,1127,1.15,40.8,3.95,58.3,0.66,71.7,1.03,1.09,6.39,0.56,5047,60.8,12.0,1.33,6.9,63.4,1.06,9530,9.54,0.38,1.24,5.4,57.6,1.08,41.5,1.03,98.0,48.6,27.5,1.04,3.5,37.7,10.5,63.1,3.4,14.2,231,575,0.95,29.9,1.19,3.8,1.32,39.8,0.98,0.44,61.7,8.0,1.57,25.2,67,58224,53.0,4.4,61.1,2365,1.06,0.28,17.9,6.54,2.66,2.09,160.8,6.46,6.9,2.64,2.7,31.0,0.96,2.36,1970,51.3,3.17,8.3,1.04
6284,Lucas Pouille,24,France,81.0,185.0,True,True,2012,5853432,5,0,0,0,22,10,28,20,2069,171,55.1,58.2,56.5,0.0,56.5,0.0,47.1,0.0,54.3,62.9,63.6,63.9,75.0,88.1,25.0,55.5,80.0,55.5,58.0,55.7,57.1,0.0,11.1,27.8,38.6,45.9,53.6,55.6,0.0,56.3,75.0,55.3,48.2,57.6,54.5,0.0,55.8,42.5,63.8,44.4,59.3,80.0,80.0,34.0,20.8,13.2,31.9,17.9,23.2,16.1,5.4,19.6,17.9,51.2,2.27,76,48.9,558,0.5983333333333333,1.05,767,17637,119,66,43,1.01,0.55,80.5,1953,205,31,613,1.12,36.6,3.85,56.1,0.5,73.8,1.0,1.04,6.52,0.53,2763,62.9,15.2,1.38,9.3,63.2,1.07,5509,9.87,0.58,1.26,8.2,52.3,0.99,39.5,0.98,103.0,55.5,19.8,0.96,3.8,38.0,9.8,63.9,2.7,21.3,115,292,1.11,37.3,1.12,3.5,0.98,35.7,1.03,0.61,63.6,8.5,2.17,26.9,45,35292,50.2,4.3,56.1,1476,1.06,0.28,22.1,6.36,2.6,3.0,173.0,6.44,7.1,2.72,2.6,27.2,0.98,2.36,1663,50.0,2.48,6.7,1.11
5793,Pablo Carreno Busta,27,Spain,0.0,188.0,True,True,2011,6493951,3,0,0,0,23,10,32,21,2071,217,51.9,54.3,0.0,0.0,56.3,0.0,45.9,0.0,50.0,55.2,40.0,44.3,27.3,78.0,16.7,52.3,55.6,53.4,40.0,51.5,53.8,0.0,7.1,10.7,19.6,37.2,46.8,50.0,0.0,35.3,48.6,58.6,54.8,53.2,48.1,0.0,40.5,38.1,56.3,61.6,51.7,61.5,66.7,34.2,16.4,18.7,30.6,27.1,20.8,6.3,16.7,12.5,16.7,51.3,2.47,90,52.0,717,0.6233333333333333,1.04,531,22253,128,67,47,1.06,0.65,76.4,1926,281,31,882,1.02,39.0,4.01,63.5,0.58,68.4,1.01,1.03,6.46,0.58,3486,59.1,11.0,0.74,5.0,61.7,0.99,6877,9.59,0.46,1.23,4.0,52.3,1.01,42.8,1.0,98.0,52.3,24.9,1.13,1.9,38.5,6.6,62.1,3.0,17.9,146,375,1.04,32.0,1.03,4.0,1.19,38.4,1.01,0.33,61.7,7.8,2.11,24.5,59,44257,50.7,2.4,52.0,1733,1.05,0.15,21.0,6.43,2.76,1.56,157.5,6.44,7.0,2.55,2.9,29.1,0.95,2.44,1118,50.3,2.79,7.1,1.11
5763,Grigor Dimitrov,27,Bulgaria,80.0,188.0,True,False,2008,15902694,8,0,1,1,24,3,20,6,2203,89,62.0,58.8,59.3,100.0,60.9,100.0,58.3,33.3,56.3,64.5,88.9,60.0,53.8,85.0,29.7,56.1,66.7,60.6,63.2,60.5,63.5,9.1,24.4,28.8,35.4,50.9,57.8,53.3,0.0,42.4,57.1,58.2,59.2,73.3,67.6,100.0,59.4,65.2,60.6,53.7,56.4,68.8,63.6,35.4,24.5,15.9,24.2,39.1,17.4,7.6,6.5,13.0,16.3,51.5,2.37,152,48.8,1216,0.635,1.13,1573,37914,221,124,35,1.24,0.57,82.9,1982,468,70,1317,1.16,37.1,4.04,62.1,0.56,74.8,1.02,1.1,6.27,0.46,6251,62.9,15.0,1.33,9.1,65.7,1.06,11897,9.78,0.47,1.26,7.3,57.9,1.08,37.6,1.01,102.0,56.1,21.2,0.84,3.4,39.6,11.3,66.0,2.7,18.2,286,704,1.09,32.5,1.19,3.5,1.03,36.8,0.96,0.57,62.3,6.8,2.12,25.4,82,73864,52.5,4.3,61.1,2508,1.01,0.27,17.6,6.44,2.28,2.81,160.9,6.35,5.9,2.6,2.2,29.4,0.95,2.13,3330,51.3,2.74,7.1,1.02
33215,Denis Shapovalov,19,Canada,0.0,0.0,False,False,2017,2159345,0,0,0,0,25,23,36,27,2001,394,55.6,57.1,33.3,0.0,58.8,0.0,59.4,0.0,46.7,43.5,62.5,68.4,60.0,81.3,25.5,50.0,100.0,55.8,44.4,51.4,60.9,0.0,20.0,12.5,36.8,44.2,52.6,0.0,0.0,0.0,57.1,35.0,63.0,50.0,88.9,2.4,46.4,52.6,59.3,63.6,0.0,0.0,0.0,19.7,32.4,14.1,33.8,38.1,4.8,14.3,9.5,19.0,14.3,52.6,2.18,38,47.7,260,0.6766666666666666,1.0,508,8289,54,27,41,1.02,0.51,82.7,1951,95,19,367,1.07,33.5,4.26,57.4,0.46,75.3,1.0,1.0,6.31,0.49,1318,64.4,20.0,1.95,9.5,66.5,1.07,2617,10.07,0.57,1.26,8.3,50.4,1.01,38.6,0.98,117.0,50.0,17.6,0.88,5.3,42.9,14.4,65.6,2.4,20.8,51,131,0.99,40.0,1.07,4.5,0.88,34.7,1.03,0.6,63.4,5.2,1.55,27.5,19,16476,50.4,6.1,53.7,429,1.09,0.39,20.0,6.28,2.47,3.02,173.4,6.3,6.7,2.74,2.4,26.5,0.98,2.17,786,50.3,2.28,6.2,1.11
4269,Fernando Verdasco,35,Spain,0.0,188.0,False,True,2001,16145181,7,0,0,0,26,7,29,7,2204,131,54.1,62.2,54.8,52.9,62.7,0.0,50.2,0.0,57.1,60.2,64.3,50.3,52.2,82.4,26.5,49.2,35.9,58.4,51.7,56.3,61.7,0.0,18.4,21.1,30.6,43.2,52.1,30.4,0.0,46.9,49.0,51.8,58.3,63.0,81.4,40.0,48.3,51.6,60.0,62.7,58.2,57.1,60.0,35.9,19.6,19.6,24.8,31.8,15.9,13.6,12.5,11.4,14.8,51.2,2.49,299,50.6,2399,0.66,1.09,3578,74630,417,205,39,1.24,0.63,80.6,1954,916,114,2589,1.09,38.4,4.24,67.3,0.59,70.9,1.02,1.06,6.33,0.52,12152,62.7,12.4,1.52,6.8,65.3,1.03,23201,9.67,0.46,1.25,5.4,55.7,1.08,40.7,1.03,106.0,49.2,24.1,0.94,4.0,41.0,15.2,64.4,3.0,17.4,525,1336,0.96,32.6,1.12,3.5,1.17,38.3,1.0,0.43,62.1,5.8,1.37,25.3,185,145878,52.4,5.0,57.3,4319,1.09,0.32,20.2,6.51,2.51,2.09,161.9,6.42,6.6,2.62,2.4,30.7,0.97,2.25,4905,51.2,2.87,7.5,1.06
45107,Alex De Minaur,19,Australia,0.0,0.0,True,True,0,1486516,1,0,0,0,27,27,31,31,1975,394,60.4,16.7,40.0,0.0,46.7,0.0,42.9,0.0,71.4,62.5,0.0,55.0,50.0,81.8,25.8,59.4,50.0,56.7,25.0,60.9,38.9,0.0,0.0,0.0,0.0,47.2,53.7,33.3,0.0,60.0,80.0,54.5,57.9,62.5,50.0,0.0,73.1,50.0,53.8,16.7,0.0,50.0,0.0,40.9,20.5,15.9,22.7,11.1,16.7,11.1,11.1,16.7,33.3,52.3,2.48,29,52.2,174,0.7183333333333334,1.03,189,5340,32,19,39,0.98,0.59,77.3,1948,64,20,245,1.1,37.7,4.7,60.9,0.57,68.9,0.99,1.04,6.53,0.58,825,61.0,31.3,1.11,4.6,62.9,1.06,1657,9.52,0.5,1.24,3.9,51.7,1.01,39.1,1.0,121.0,59.4,22.2,1.08,3.0,44.7,9.1,62.4,2.9,18.4,35,90,1.18,45.3,1.09,4.6,1.06,37.9,1.0,0.3,62.3,7.2,1.29,25.9,9,10657,49.8,3.6,54.7,382,1.0,0.23,14.1,6.54,2.77,1.42,169.2,6.55,7.5,2.72,2.9,28.1,0.98,2.46,243,50.1,2.71,7.3,1.03
6364,Kyle Edmund,24,United Kingdom,0.0,0.0,True,True,2011,4317977,1,0,0,0,28,14,27,24,2038,351,52.8,55.8,33.3,0.0,54.1,0.0,42.1,50.0,50.0,56.3,37.5,39.0,42.9,76.8,17.1,51.9,66.7,49.4,64.7,50.8,51.2,0.0,7.1,10.5,30.8,34.6,47.6,50.0,0.0,25.0,38.9,64.3,48.1,60.0,50.0,0.0,45.2,48.6,56.9,54.5,50.0,20.0,71.4,34.6,15.7,25.2,24.4,31.0,14.3,7.1,9.5,7.1,31.0,52.4,2.3,54,50.2,463,0.6616666666666667,1.04,480,14350,81,42,42,1.09,0.56,81.4,1949,175,23,621,1.0,36.7,4.2,59.1,0.52,73.2,1.01,1.03,6.33,0.5,2300,62.9,13.1,1.05,7.5,64.2,0.97,4522,9.77,0.46,1.26,6.1,52.3,1.02,38.6,1.0,108.0,51.9,20.2,0.91,2.8,41.1,8.2,64.7,2.6,17.5,89,242,1.03,30.9,1.01,4.4,0.98,36.0,1.0,0.47,62.2,9.3,2.22,25.8,31,28480,50.9,3.4,50.9,1329,1.04,0.21,17.7,6.38,2.47,2.33,163.7,6.35,6.5,2.65,2.4,26.9,0.97,2.23,1066,50.4,2.55,6.7,1.07
26011,Frances Tiafoe,21,United States,0.0,0.0,True,True,2015,1728252,1,0,0,0,29,29,40,39,1962,394,42.6,33.3,55.6,0.0,42.9,0.0,45.8,0.0,33.3,44.4,0.0,42.1,16.7,73.2,18.5,42.1,40.0,44.0,27.3,43.1,39.1,0.0,0.0,21.4,20.0,34.6,41.0,50.0,0.0,100.0,40.0,35.7,42.4,40.0,47.1,1.8,53.3,35.3,36.4,28.6,40.0,80.0,0.0,22.2,20.8,23.6,33.3,4.3,30.4,4.3,21.7,4.3,34.8,51.9,2.16,39,48.5,265,0.63,0.9,287,8140,57,24,37,0.87,0.51,79.7,1957,95,27,327,0.87,36.2,3.97,61.0,0.47,71.6,0.99,0.91,6.34,0.52,1274,60.6,28.4,1.08,9.2,62.7,0.95,2623,9.9,0.6,1.25,8.0,44.2,0.96,38.0,1.0,109.0,42.1,17.8,1.0,3.0,39.3,8.9,63.9,2.5,21.5,40,117,0.86,41.1,0.86,4.0,0.88,34.5,1.01,0.58,62.4,11.7,2.65,27.6,12,16530,48.6,3.5,42.1,965,0.96,0.22,12.6,6.26,2.54,2.87,174.0,6.3,7.1,2.79,2.8,25.5,0.95,2.29,761,49.2,2.32,6.5,1.1
4752,Richard Gasquet,32,France,75.0,185.0,True,False,2002,17222444,15,0,0,0,30,7,24,9,2196,87,0.0,0.0,0.0,0.0,0.0,0.0,0.0,0.0,0.0,0.0,0.0,0.0,0.0,0.0,0.0,0.0,0.0,0.0,0.0,0.0,0.0,0.0,0.0,0.0,0.0,0.0,0.0,0.0,0.0,0.0,0.0,0.0,0.0,0.0,0.0,0.0,0.0,0.0,0.0,0.0,0.0,0.0,0.0,0.0,0.0,0.0,0.0,0.0,0.0,0.0,0.0,0.0,0.0,53.4,2.48,237,50.9,2093,0.645,1.17,1883,63772,334,181,36,1.42,0.65,82.2,1967,824,96,2080,1.17,39.8,4.08,61.8,0.61,73.1,1.04,1.13,6.21,0.45,10788,60.9,11.7,0.93,7.2,65.1,1.04,20040,9.57,0.41,1.25,5.5,60.7,1.12,41.2,1.02,98.0,54.2,25.2,0.86,2.3,39.1,8.1,65.6,3.0,16.0,521,1270,1.04,28.8,1.22,3.4,1.19,38.5,0.96,0.45,60.5,8.3,2.34,24.3,141,122901,53.8,3.1,63.2,5156,1.05,0.19,17.1,6.45,2.19,2.17,152.5,6.32,5.5,2.54,2.2,30.5,0.93,2.14,4405,51.9,2.9,7.3,1.07
4467,Gilles Simon,34,France,0.0,183.0,True,True,2002,13635351,14,0,0,0,31,6,39,9,2124,108,59.1,57.9,55.8,36.4,61.9,50.0,55.0,66.7,52.4,61.3,44.4,61.2,59.4,86.6,27.4,49.2,52.8,57.6,59.8,57.8,59.5,25.0,17.2,26.4,32.1,43.7,54.0,66.7,0.0,41.7,52.2,52.3,56.5,71.3,77.2,60.0,60.0,54.8,58.1,60.2,56.8,63.2,52.2,34.4,23.6,14.8,27.1,28.0,18.2,13.3,9.1,9.8,21.7,51.7,2.61,268,52.7,2054,0.6666666666666666,1.08,1725,63699,325,160,39,1.15,0.68,76.6,1952,790,89,2081,1.12,40.4,4.35,57.1,0.63,69.5,1.02,1.06,6.51,0.59,10188,60.4,11.3,0.86,5.4,61.5,1.06,19677,9.58,0.41,1.24,4.4,54.9,1.04,42.6,1.0,107.0,49.2,26.9,1.13,2.2,41.7,6.4,61.9,3.3,15.8,459,1128,0.97,33.9,1.14,3.3,1.28,39.8,1.01,0.35,62.5,6.4,1.97,24.9,179,125206,51.8,2.7,58.1,3993,1.08,0.18,22.7,6.55,2.85,1.7,161.8,6.53,7.4,2.6,2.9,31.2,0.98,2.48,3398,50.9,3.01,7.8,1.07
4259,Philipp Kohlschreiber,35,Germany,0.0,178.0,True,False,2001,11986552,8,0,0,0,32,16,37,14,2116,217,54.4,57.2,62.4,45.5,55.0,0.0,48.8,100.0,52.3,62.0,55.2,53.5,57.1,84.6,18.8,50.4,55.6,57.2,51.8,56.4,55.6,0.0,15.6,20.3,28.2,43.2,52.3,44.4,0.0,43.9,44.8,54.8,60.2,61.2,64.1,0.0,57.2,50.3,60.8,61.4,52.4,51.0,53.8,38.6,17.9,16.2,27.2,31.9,12.5,11.1,8.3,14.6,21.5,53.9,2.38,255,49.8,2032,0.6433333333333333,1.08,1657,61493,365,184,39,1.22,0.6,81.7,1951,802,113,2042,1.08,38.0,4.09,60.4,0.55,72.3,1.02,1.06,6.32,0.49,10270,62.9,14.1,0.85,7.3,64.1,1.02,19756,9.72,0.46,1.26,5.6,55.0,1.06,40.4,1.02,99.0,50.4,22.4,0.88,2.1,39.8,7.0,65.0,2.7,18.0,451,1117,0.99,31.9,1.1,3.3,1.09,37.2,1.0,0.46,61.8,7.6,2.65,24.6,142,120758,52.0,2.8,56.2,4667,1.09,0.18,17.8,6.4,2.38,2.25,155.2,6.36,6.0,2.53,2.2,29.3,0.97,2.21,4389,50.9,2.7,6.8,1.09
4789,Gael Monfils,32,France,80.0,193.0,True,True,2004,15014229,7,0,0,0,33,6,23,7,2189,92,65.1,61.3,60.9,60.0,67.6,0.0,56.0,75.0,63.9,65.1,85.7,55.6,53.3,87.2,25.7,57.7,44.8,63.0,65.6,62.2,68.6,5.6,21.4,29.9,39.5,53.1,59.5,25.0,0.0,47.4,60.8,68.8,63.0,67.0,83.6,0.0,65.2,62.4,60.9,65.2,68.0,51.7,47.8,43.5,19.9,15.7,20.9,39.2,20.3,10.5,9.2,11.1,9.8,50.0,2.49,221,49.1,1818,0.6366666666666667,1.2,2404,56516,310,179,36,1.3,0.65,80.8,1961,698,110,1796,1.2,38.1,4.08,62.1,0.6,73.1,1.03,1.16,6.33,0.5,9335,61.4,15.8,1.35,10.5,63.2,1.04,17656,9.71,0.44,1.26,8.4,61.3,1.08,41.3,1.03,102.0,57.7,24.9,0.93,3.5,39.6,11.6,64.3,3.1,17.1,444,1115,1.13,31.7,1.24,3.2,1.21,38.5,0.98,0.67,62.2,4.2,2.39,25.3,111,110341,52.9,4.4,63.6,2320,1.07,0.28,15.9,6.48,2.42,3.24,161.3,6.4,6.3,2.6,2.4,31.9,0.96,2.26,5743,51.2,2.93,7.6,1.07
5438,Steve Johnson,29,United States,0.0,188.0,True,True,2012,5035097,4,0,0,0,34,21,56,21,2042,287,49.2,52.9,57.4,0.0,46.0,0.0,37.7,75.0,51.0,58.8,25.0,51.7,38.5,80.9,18.7,47.9,63.6,52.1,43.3,52.7,44.2,0.0,0.0,14.3,28.6,37.3,47.3,66.7,0.0,42.9,40.6,58.9,51.5,54.2,47.1,0.0,45.8,54.3,52.4,58.0,45.2,33.3,0.0,34.5,17.4,14.9,33.2,23.5,11.8,9.8,15.7,11.8,27.5,52.3,2.1,98,45.5,744,0.5766666666666667,1.01,878,23134,169,81,45,1.03,0.48,84.4,1933,291,49,872,1.02,34.4,3.64,59.4,0.45,75.3,1.01,1.0,6.37,0.45,3722,65.3,16.8,1.19,10.5,64.6,1.01,7394,9.94,0.58,1.28,8.5,50.5,0.98,36.1,0.98,92.0,47.9,16.1,0.78,3.0,36.2,9.2,65.9,2.0,22.7,149,376,0.96,33.7,1.03,3.8,0.8,33.4,1.02,0.67,62.8,10.0,2.81,25.4,49,46396,50.3,3.7,51.2,2300,1.04,0.24,16.8,6.28,2.25,3.34,160.0,6.32,5.7,2.56,2.0,25.7,0.99,2.17,2470,49.9,2.21,5.6,1.08
4868,Jeremy Chardy,32,France,0.0,188.0,True,True,2005,8113032,1,0,0,0,35,25,44,23,2016,351,47.9,52.8,49.1,0.0,53.2,0.0,45.3,0.0,45.7,51.5,71.4,52.4,70.6,86.5,17.6,48.9,60.0,50.6,45.0,48.8,53.5,0.0,8.6,16.2,25.0,34.8,44.9,33.3,0.0,21.4,31.1,45.8,52.5,47.2,70.7,0.0,43.2,53.8,50.5,52.0,46.9,42.9,50.0,32.5,15.9,15.9,35.7,21.6,18.6,12.4,5.2,13.4,28.9,49.7,2.26,184,48.4,1301,0.63,0.98,2140,40403,262,128,40,1.0,0.54,80.9,1944,511,94,1596,1.0,36.1,4.02,59.9,0.51,74.5,1.0,0.98,6.37,0.52,6390,62.9,18.4,1.66,10.3,64.3,1.02,12816,9.85,0.51,1.25,8.2,49.0,1.0,37.4,1.01,100.0,48.9,19.0,0.94,4.2,39.6,13.2,64.5,2.4,20.1,254,637,0.98,36.0,1.0,3.9,0.94,35.5,1.0,0.66,62.8,8.7,1.94,25.1,90,80898,49.9,5.3,49.7,3550,1.01,0.34,17.6,6.38,2.53,3.22,159.6,6.37,6.4,2.55,2.4,27.3,0.97,2.26,4145,49.9,2.51,6.4,1.05
5718,Pierre Hugues Herbert,27,France,0.0,188.0,True,True,2010,5585112,0,0,0,0,36,36,35,35,1968,0,46.1,37.5,47.4,0.0,43.3,0.0,37.9,0.0,47.1,50.0,0.0,46.7,66.7,77.4,18.7,45.7,60.0,46.7,42.6,45.8,43.3,0.0,0.0,16.7,18.5,32.4,45.0,0.0,0.0,75.0,50.0,33.3,51.2,37.5,59.1,0.0,48.0,47.6,38.1,63.6,22.2,50.0,0.0,26.9,18.3,22.1,32.7,13.8,20.7,6.9,3.4,27.6,27.6,51.4,2.04,59,44.9,361,0.5866666666666667,0.93,551,10999,92,42,45,0.84,0.45,82.6,1936,137,42,437,0.93,32.2,3.71,59.0,0.4,74.7,0.99,0.94,6.44,0.47,1775,63.0,30.7,1.57,11.1,64.3,0.98,3635,10.07,0.67,1.27,9.4,46.0,0.94,36.5,0.97,97.0,45.7,14.6,0.88,4.1,37.4,11.8,65.1,1.9,25.5,62,166,0.93,43.1,0.92,4.0,0.73,32.7,1.03,0.72,63.9,7.0,2.3,26.5,17,22362,48.8,4.8,45.3,769,0.99,0.31,12.4,6.24,2.37,3.62,166.9,6.33,6.2,2.64,2.3,25.4,0.97,2.24,1266,49.2,2.01,5.3,1.12
5349,John Millman,29,Australia,0.0,183.0,True,True,2006,2336968,0,0,0,0,37,33,43,38,1954,482,44.7,40.0,47.1,0.0,46.7,0.0,40.0,50.0,30.0,46.9,0.0,51.2,33.3,78.6,25.3,45.3,60.0,44.7,42.9,44.2,45.2,0.0,16.7,8.3,22.2,26.2,38.8,0.0,0.0,50.0,33.3,26.1,50.0,47.4,57.9,0.0,40.0,45.2,50.0,33.3,50.0,0.0,0.0,21.7,22.9,19.3,36.1,13.3,23.3,6.7,13.3,16.7,26.7,51.8,2.39,37,50.4,321,0.6183333333333334,0.9,245,9920,53,24,40,0.95,0.62,75.6,1953,117,27,352,0.9,38.5,3.95,62.9,0.55,68.0,1.0,0.91,6.39,0.57,1544,56.9,23.1,0.76,5.3,61.5,0.99,3118,9.71,0.45,1.22,4.5,44.9,0.98,42.1,0.99,105.0,45.3,23.2,1.19,2.1,38.4,6.6,62.0,3.1,16.5,52,144,0.91,31.6,0.89,3.6,1.12,37.4,1.0,0.34,62.1,8.6,2.15,26.6,10,19937,49.5,2.4,44.4,850,0.98,0.16,8.5,6.38,2.77,1.64,170.4,6.39,7.6,2.74,3.3,28.5,0.92,2.43,527,49.8,2.66,7.3,1.13
5902,Marton Fucsovics,27,Hungary,0.0,0.0,True,True,2009,1753975,1,0,0,0,38,35,42,42,1948,482,52.6,58.1,14.3,50.0,38.5,0.0,50.0,0.0,50.0,51.3,65.2,43.8,80.0,74.5,26.1,39.0,12.5,50.6,60.0,50.0,57.6,0.0,0.0,0.0,16.7,45.9,51.4,50.0,0.0,100.0,20.0,35.3,58.6,53.8,40.0,0.0,52.0,63.2,46.2,45.5,0.0,40.0,0.0,34.8,15.2,25.8,24.2,24.2,21.2,12.1,3.0,18.2,21.2,51.2,2.59,45,50.8,283,0.6883333333333332,1.04,286,7070,41,16,65,1.11,0.65,77.1,1882,101,27,237,1.01,38.9,4.49,56.0,0.63,71.1,1.03,1.01,6.43,0.6,1399,62.0,27.0,1.28,6.0,62.7,1.0,2686,9.49,0.41,1.24,4.9,52.7,1.04,40.0,1.03,114.0,39.0,25.3,1.09,3.4,43.0,9.4,62.3,3.2,14.5,53,149,0.77,45.0,1.04,3.3,1.21,39.2,1.0,0.39,62.4,4.6,1.45,26.6,18,13984,52.1,4.2,52.5,325,1.05,0.27,18.0,6.61,2.88,1.85,166.5,6.52,7.7,2.8,2.9,31.0,0.99,2.42,415,50.6,3.03,8.1,1.02
5364,Martin Klizan,29,Slovakia,0.0,190.0,False,True,2007,4810128,6,0,0,0,39,24,34,26,1998,231,46.8,59.3,25.0,0.0,39.0,0.0,23.5,0.0,57.7,56.7,69.2,54.3,41.7,75.0,24.8,54.0,68.8,48.8,59.3,52.6,45.9,0.0,7.7,17.4,29.4,32.5,45.9,85.7,0.0,53.8,50.0,59.1,49.4,30.4,51.7,0.0,50.9,36.7,47.5,54.3,55.3,66.7,37.5,31.4,22.5,17.6,28.4,18.9,17.0,9.4,13.2,13.2,28.3,49.7,2.35,108,50.8,716,0.6483333333333333,1.03,891,19625,124,67,51,0.95,0.63,75.2,1915,274,52,702,1.03,38.0,4.18,58.4,0.57,69.1,1.01,1.02,6.58,0.64,3418,61.2,19.0,1.39,5.8,61.5,1.01,6880,9.61,0.45,1.23,4.7,50.7,0.96,41.3,0.96,102.0,54.0,23.6,1.19,3.5,40.1,10.6,61.1,2.9,17.3,140,363,1.09,39.6,1.03,3.6,1.14,37.2,1.05,0.38,61.9,7.9,1.33,25.1,56,39743,49.7,4.4,51.1,1538,1.06,0.29,20.5,6.3,3.06,1.85,158.3,6.44,7.8,2.61,3.0,28.8,1.0,2.56,1185,49.4,2.75,7.0,1.11
4311,Andreas Seppi,34,Italy,0.0,190.0,True,True,2002,9821519,3,0,0,0,40,18,46,21,2029,287,45.8,51.0,56.7,28.6,50.4,0.0,43.1,50.0,43.4,52.5,48.6,54.2,53.7,82.6,21.2,44.4,51.4,49.4,45.5,48.4,49.7,0.0,9.4,9.9,21.1,31.3,43.0,33.3,0.0,30.0,44.6,50.0,45.7,52.5,62.2,0.0,45.7,51.1,45.8,47.6,48.9,58.1,46.2,27.6,20.1,17.0,35.3,19.7,13.4,15.5,13.4,12.7,25.4,50.1,2.43,234,50.1,1921,0.645,0.96,1940,56779,313,139,41,0.97,0.61,76.3,1940,734,109,2167,0.98,38.6,4.15,58.2,0.57,70.5,1.0,0.96,6.45,0.59,9292,59.7,14.9,1.07,6.1,61.8,1.02,18713,9.74,0.43,1.23,4.9,47.8,0.99,40.6,1.01,104.0,44.4,23.1,1.15,2.8,40.5,8.2,62.0,2.9,16.3,357,919,0.89,31.9,0.98,3.8,1.13,37.8,1.01,0.39,62.9,8.1,1.77,25.5,125,113953,49.7,3.4,48.6,4630,1.01,0.22,17.0,6.44,2.86,1.9,162.3,6.44,7.4,2.62,3.0,29.5,0.96,2.45,3435,49.8,2.8,7.2,1.07
5303,Joao Sousa,29,Portugal,0.0,185.0,True,True,2008,5085760,3,0,0,0,41,28,53,32,1974,351,46.6,51.5,38.5,0.0,46.8,0.0,37.5,50.0,29.5,54.2,64.5,51.1,53.8,78.1,23.5,49.6,61.1,46.7,53.6,47.2,51.5,0.0,16.7,12.1,18.3,36.6,43.5,30.0,0.0,58.8,58.6,53.7,37.6,45.6,57.6,0.0,35.2,42.1,54.1,50.0,48.1,54.5,55.6,25.1,21.2,20.5,33.2,26.2,12.3,10.8,9.2,16.9,24.6,49.3,2.41,140,48.5,937,0.5983333333333333,0.96,743,26613,131,65,55,0.89,0.59,75.5,1902,356,58,1048,0.98,38.0,3.85,60.9,0.57,69.9,1.0,0.97,6.42,0.59,4394,58.1,16.6,0.85,4.5,61.8,1.01,8921,9.52,0.37,1.22,3.6,47.7,0.98,38.1,1.01,96.0,49.6,21.8,1.17,2.2,36.8,7.1,61.8,2.7,14.0,171,447,1.0,40.0,0.97,3.9,1.05,37.3,0.97,0.29,61.7,8.1,1.63,25.1,82,53770,49.3,2.8,48.0,2194,0.91,0.18,23.4,6.47,2.79,1.39,161.0,6.44,7.3,2.63,3.1,29.8,0.94,2.45,1212,49.5,2.75,7.2,1.02
26007,Taylor Harry Fritz,21,United States,0.0,0.0,True,True,2015,1754709,0,0,0,0,42,40,45,45,1935,0,52.3,54.5,23.1,0.0,35.3,0.0,47.4,0.0,38.5,55.6,0.0,50.0,20.0,79.2,26.6,57.6,71.4,48.5,53.3,51.6,35.3,0.0,0.0,20.0,26.3,34.8,43.5,0.0,0.0,33.3,25.0,60.0,48.8,61.1,47.1,1.7,37.5,36.4,60.0,53.8,36.4,0.0,0.0,29.5,22.1,18.9,29.5,12.5,12.5,6.3,25.0,18.8,25.0,50.2,2.23,50,49.0,295,0.6133333333333333,0.98,301,9237,66,38,54,0.94,0.53,80.4,1906,112,33,433,0.99,35.3,3.94,58.3,0.51,73.5,1.0,0.99,6.51,0.53,1434,63.2,29.7,1.02,10.5,61.7,1.01,2894,9.81,0.59,1.26,8.8,48.8,0.97,36.1,0.97,101.0,57.6,18.5,0.96,2.7,38.7,7.6,63.8,2.4,22.4,55,144,1.16,45.0,0.99,4.7,0.91,35.1,1.01,0.68,63.1,9.3,3.29,25.8,17,18624,49.6,3.2,49.1,856,0.98,0.21,15.3,6.36,2.62,3.35,166.3,6.44,6.9,2.63,2.5,25.8,0.99,2.36,989,49.6,2.51,6.6,1.03
5571,Dusan Lajovic,28,Serbia,0.0,180.0,True,False,2007,3277158,0,0,0,0,43,42,55,42,1938,0,40.6,50.0,28.6,0.0,39.4,0.0,39.3,0.0,44.8,45.4,56.3,47.9,11.1,75.0,14.9,41.3,36.4,45.6,38.7,46.2,38.6,0.0,0.0,12.5,13.5,25.5,33.1,0.0,0.0,0.0,20.0,45.5,51.2,34.6,48.3,0.0,29.6,43.2,47.2,50.8,40.6,50.0,25.0,26.9,19.3,17.0,36.8,25.6,9.3,2.3,18.6,18.6,23.3,52.2,2.24,75,48.1,577,0.6216666666666666,0.94,402,16802,92,38,51,0.91,0.56,78.1,1904,226,50,596,0.91,35.8,3.95,65.1,0.5,68.7,0.99,0.94,6.42,0.56,2752,60.9,22.1,0.73,5.0,62.5,0.97,5613,9.73,0.41,1.24,3.9,46.3,0.96,39.7,0.98,97.0,41.3,19.9,1.07,1.9,38.5,6.7,62.9,2.5,15.9,101,267,0.84,33.2,0.91,3.5,0.97,35.5,1.03,0.32,62.0,7.1,2.13,24.8,25,34044,49.0,2.3,44.7,1190,1.02,0.15,11.1,6.3,2.72,1.56,156.9,6.36,6.9,2.55,2.7,27.5,0.97,2.38,855,49.4,2.44,6.2,1.12
4291,Malek Jaziri,35,Tunisia,0.0,185.0,True,True,2003,3392585,0,0,0,0,44,42,97,52,1922,0,43.6,47.6,30.8,50.0,33.3,0.0,45.5,33.3,50.0,37.4,68.4,49.3,50.0,73.4,18.1,43.0,55.6,44.5,32.1,42.9,42.6,0.0,30.0,20.0,13.8,19.3,32.7,0.0,0.0,25.0,30.8,41.9,38.0,47.2,44.4,0.0,40.0,40.4,42.3,26.1,38.5,42.9,66.7,25.9,17.7,18.4,38.0,17.4,10.9,15.2,15.2,13.0,28.3,48.9,2.2,72,48.5,558,0.6166666666666667,0.93,642,15460,86,37,61,0.78,0.54,76.0,1888,210,40,638,0.9,35.8,3.99,53.6,0.51,71.6,0.99,0.94,6.67,0.63,2555,62.0,19.1,1.25,5.3,61.4,0.96,5356,9.6,0.41,1.24,4.4,44.8,0.9,37.2,0.95,100.0,43.0,18.8,1.15,3.3,38.4,8.4,61.0,2.4,15.4,90,250,0.89,34.4,0.89,4.1,0.9,35.0,1.05,0.36,62.2,9.6,1.36,25.5,32,31967,47.7,3.9,42.9,1491,0.98,0.26,15.3,6.29,3.03,1.7,162.3,6.47,7.9,2.66,3.0,26.2,1.02,2.6,873,48.4,2.43,6.4,1.06
5044,Matthew Ebden,31,Australia,0.0,188.0,True,True,2006,1970540,0,0,0,0,45,39,65,54,1913,0,0.0,0.0,0.0,0.0,0.0,0.0,0.0,0.0,0.0,0.0,0.0,0.0,0.0,0.0,0.0,0.0,0.0,0.0,0.0,0.0,0.0,0.0,0.0,0.0,0.0,0.0,0.0,0.0,0.0,0.0,0.0,0.0,0.0,0.0,0.0,0.0,0.0,0.0,0.0,0.0,0.0,0.0,0.0,0.0,0.0,0.0,0.0,0.0,0.0,0.0,0.0,0.0,0.0,45.7,2.21,64,47.1,456,0.615,0.84,817,12859,62,25,52,0.73,0.55,73.4,1905,179,41,519,0.83,35.8,3.9,60.8,0.5,70.6,0.97,0.86,6.44,0.61,2030,56.7,23.0,1.85,7.6,61.7,0.96,4323,9.48,0.35,1.21,5.9,40.6,0.9,38.5,0.97,94.0,40.3,19.3,1.26,4.7,37.0,15.4,60.8,2.3,13.6,70,185,0.83,36.0,0.81,4.0,0.92,35.3,1.0,0.49,60.2,8.5,1.26,24.2,23,26618,47.0,6.0,39.1,1116,0.89,0.39,12.9,6.24,2.92,2.32,153.0,6.35,7.4,2.55,3.2,27.6,0.93,2.52,1026,48.3,2.38,6.0,1.09
26414,Matteo Berrettini,22,Italy,0.0,0.0,True,True,2015,828813,1,0,0,0,46,46,61,61,1900,482,43.5,60.0,25.0,0.0,37.5,0.0,25.0,0.0,33.3,56.3,0.0,50.0,100.0,80.0,25.9,50.0,50.0,47.5,57.1,51.3,37.5,0.0,0.0,0.0,42.9,38.1,44.7,100.0,0.0,50.0,66.7,27.3,57.9,50.0,40.0,0.0,45.5,66.7,28.6,50.0,50.0,0.0,0.0,30.8,20.5,23.1,25.6,0.0,25.0,12.5,0.0,25.0,37.5,52.8,2.14,18,45.3,125,0.67,0.96,102,3858,22,11,48,0.88,0.43,83.7,1918,47,13,163,1.0,32.7,4.18,61.6,0.47,75.6,0.98,0.98,6.08,0.41,608,60.4,27.7,0.82,9.6,65.3,1.02,1242,9.94,0.47,1.25,7.7,48.0,1.02,30.9,1.05,110.0,50.0,14.4,0.81,2.2,41.5,7.0,66.8,1.9,17.6,23,60,1.0,38.3,0.98,4.1,0.72,33.7,0.9,0.58,62.0,5.5,3.55,26.4,5,7745,49.0,2.7,48.9,218,0.78,0.16,10.6,6.36,2.04,2.9,164.8,6.24,5.4,2.66,2.1,26.4,0.9,2.02,362,49.8,2.33,6.2,0.92
11769,Nicolas Jarry,23,Chile,0.0,0.0,True,True,2014,0,0,0,0,0,47,39,86,57,1909,0,40.0,56.4,25.0,0.0,22.2,0.0,42.9,0.0,41.7,57.1,58.3,50.0,0.0,70.0,31.6,44.9,83.3,50.8,0.0,53.7,28.6,0.0,0.0,66.7,27.3,50.0,44.7,0.0,0.0,25.0,57.1,60.0,61.1,14.3,33.3,0.0,42.9,58.8,28.6,33.3,50.0,66.7,0.0,26.4,28.3,22.6,22.6,7.1,21.4,0.0,21.4,28.6,21.4,53.0,2.09,27,46.0,189,0.6316666666666666,0.98,194,5735,49,22,70,0.9,0.47,82.8,1861,68,13,242,0.98,32.9,4.0,63.5,0.43,73.0,1.0,0.98,6.39,0.48,938,64.2,19.1,1.07,10.6,64.0,1.0,1895,10.03,0.72,1.26,9.5,48.7,0.97,36.3,0.98,112.0,44.9,15.6,0.86,3.0,40.1,9.1,65.7,2.2,25.9,33,92,0.9,39.7,0.98,4.2,0.78,33.3,1.03,0.68,63.5,7.2,3.18,27.9,14,11549,49.5,3.3,48.5,412,1.01,0.21,20.6,6.26,2.41,3.39,177.7,6.33,6.7,2.78,2.4,25.3,0.98,2.19,617,49.7,2.15,6.0,1.09
5166,Adrian Mannarino,30,France,0.0,183.0,False,True,2004,5592229,0,0,0,0,48,22,74,29,2004,482,45.0,25.5,58.1,0.0,43.8,0.0,38.9,0.0,42.5,48.6,50.0,47.4,70.0,78.4,20.0,43.2,53.3,46.8,38.7,45.4,43.9,0.0,7.7,11.8,17.1,32.3,37.4,0.0,0.0,50.0,38.7,43.8,49.2,39.7,53.3,0.0,47.7,49.5,44.4,42.1,36.8,25.0,66.7,28.5,16.7,20.1,34.7,19.0,12.7,11.1,4.8,11.1,41.3,0.0,0.0,0,0.0,0,0.0,0.0,0,0,0,0,0,0.0,0.0,0.0,0,0,0,0,0.0,0.0,0.0,0.0,0.0,0.0,0.0,0.0,0.0,0.0,0,0.0,0.0,0.0,0.0,0.0,0.0,0,0.0,0.0,0.0,0.0,0.0,0.0,0.0,0.0,0.0,0.0,0.0,0.0,0.0,0.0,0.0,0.0,0.0,0.0,0,0,0.0,0.0,0.0,0.0,0.0,0.0,0.0,0.0,0.0,0.0,0.0,0.0,0,0,0.0,0.0,0.0,0,0.0,0.0,0.0,0.0,0.0,0.0,0.0,0.0,0.0,0.0,0.0,0.0,0.0,0.0,0,0.0,0.0,0.0,0.0
5016,Sam Querrey,31,United States,0.0,198.0,True,True,2006,11161549,10,0,0,0,49,11,38,18,2068,159,56.7,44.2,62.5,0.0,52.9,0.0,47.9,0.0,56.1,60.0,52.6,47.3,41.2,76.0,25.3,48.3,40.0,55.4,53.4,55.8,52.1,18.2,15.6,24.7,27.8,39.5,49.9,55.6,0.0,51.4,59.0,50.4,53.4,57.7,62.9,75.0,54.5,58.0,51.7,56.8,54.9,47.1,57.1,35.4,19.7,21.5,23.4,27.2,18.4,6.1,8.8,24.6,14.0,50.5,2.19,225,46.6,1634,0.5866666666666667,1.07,2028,50350,348,168,42,1.19,0.52,84.9,1938,624,104,1852,1.07,35.0,3.67,58.9,0.47,78.8,1.01,1.06,6.19,0.41,8428,63.1,16.7,1.28,15.4,64.3,1.01,16358,10.01,0.56,1.26,12.4,54.5,1.05,37.8,1.01,95.0,48.3,17.9,0.76,3.3,36.8,10.0,67.2,2.3,21.3,344,890,0.95,36.1,1.09,3.7,0.89,34.6,0.98,0.95,62.7,8.0,3.73,26.2,121,99105,51.5,4.1,55.1,3997,1.02,0.25,19.4,6.34,2.06,4.79,162.7,6.26,5.3,2.62,2.0,26.9,0.94,2.03,7574,50.8,2.36,6.1,1.09
5539,Guido Pella,28,Argentina,0.0,185.0,False,True,2007,2532609,0,0,0,0,50,39,59,46,1925,394,38.9,52.6,36.4,0.0,35.7,0.0,28.6,0.0,50.0,51.8,50.0,45.3,44.4,71.4,21.4,43.5,43.8,46.9,31.3,47.6,37.1,0.0,14.3,25.0,31.3,28.6,40.2,0.0,0.0,57.1,50.0,60.9,45.3,32.0,44.4,0.0,40.0,45.5,33.3,44.8,56.1,0.0,0.0,26.6,20.2,24.2,29.0,17.6,8.8,11.8,14.7,11.8,35.3,51.9,2.39,60,50.8,435,0.6666666666666666,0.93,382,13812,92,40,50,0.94,0.56,78.1,1915,161,33,528,0.92,37.2,4.31,64.7,0.55,69.5,0.99,0.94,6.41,0.59,2113,62.7,20.5,0.88,6.4,62.6,0.98,4287,9.86,0.57,1.24,5.5,46.4,1.0,37.3,1.01,114.0,43.5,20.5,1.08,2.4,42.5,7.9,63.3,2.7,21.1,73,202,0.87,37.3,0.91,3.8,1.01,36.7,1.01,0.41,63.7,7.8,2.31,26.6,27,27694,49.3,2.8,45.3,1086,1.0,0.18,16.8,6.51,2.89,2.03,172.0,6.46,7.8,2.7,2.9,27.4,0.99,2.36,882,49.9,2.71,7.3,1.02
4914,Leonardo Mayer,31,Argentina,0.0,188.0,True,False,2003,5624914,2,0,0,0,51,21,67,28,1999,287,43.5,54.9,45.5,0.0,46.9,0.0,45.1,0.0,50.0,46.7,78.6,42.2,42.9,78.7,21.0,52.4,50.0,50.3,34.4,47.9,51.9,0.0,0.0,6.3,12.3,35.3,43.7,40.0,0.0,62.5,28.0,40.0,49.2,51.9,54.5,0.0,40.0,44.1,47.1,54.7,48.5,50.0,50.0,33.3,15.7,21.6,29.4,22.7,25.3,4.0,5.3,13.3,29.3,52.6,2.23,139,48.0,886,0.6666666666666666,1.01,1093,26384,189,99,45,0.98,0.51,81.9,1921,340,76,885,0.98,34.8,4.23,61.4,0.48,73.4,1.0,1.01,6.29,0.48,4355,62.0,22.4,1.29,8.0,65.4,0.97,8719,9.84,0.56,1.25,6.3,50.3,1.01,36.9,1.02,106.0,52.4,17.8,0.89,3.3,41.5,10.8,65.4,2.2,21.3,166,446,1.05,40.9,0.98,3.3,0.87,34.9,0.99,0.5,62.3,6.0,1.9,25.6,63,52737,49.9,4.2,48.8,1591,0.97,0.26,18.5,6.4,2.34,2.46,160.3,6.34,6.0,2.61,2.3,26.9,0.95,2.18,2081,50.0,2.36,6.1,1.06
11176,Hyeon Chung,22,"Korea, Republic of",0.0,0.0,True,True,2014,3275423,0,0,0,0,52,19,41,21,2049,394,53.4,54.8,33.3,0.0,54.5,0.0,48.1,0.0,50.0,52.5,80.0,55.3,60.0,84.7,19.7,37.7,25.0,55.3,40.0,50.9,62.5,0.0,11.1,7.1,24.2,35.5,47.2,0.0,0.0,0.0,20.0,48.4,65.9,54.2,57.1,0.0,45.8,51.6,52.9,58.6,42.9,33.3,0.0,33.7,17.3,14.4,34.6,40.7,11.1,11.1,7.4,7.4,22.2,0.0,0.0,0,0.0,0,0.0,0.0,0,0,0,0,0,0.0,0.0,0.0,0,0,0,0,0.0,0.0,0.0,0.0,0.0,0.0,0.0,0.0,0.0,0.0,0,0.0,0.0,0.0,0.0,0.0,0.0,0,0.0,0.0,0.0,0.0,0.0,0.0,0.0,0.0,0.0,0.0,0.0,0.0,0.0,0.0,0.0,0.0,0.0,0.0,0,0,0.0,0.0,0.0,0.0,0.0,0.0,0.0,0.0,0.0,0.0,0.0,0.0,0,0,0.0,0.0,0.0,0,0.0,0.0,0.0,0.0,0.0,0.0,0.0,0.0,0.0,0.0,0.0,0.0,0.0,0.0,0,0.0,0.0,0.0,0.0
5055,Mikhail Kukushkin,31,Kazakhstan,0.0,183.0,True,True,2006,3896090,1,0,0,0,53,46,58,44,1934,482,0.0,0.0,0.0,0.0,0.0,0.0,0.0,0.0,0.0,0.0,0.0,0.0,0.0,0.0,0.0,0.0,0.0,0.0,0.0,0.0,0.0,0.0,0.0,0.0,0.0,0.0,0.0,0.0,0.0,0.0,0.0,0.0,0.0,0.0,0.0,0.0,0.0,0.0,0.0,0.0,0.0,0.0,0.0,0.0,0.0,0.0,0.0,0.0,0.0,0.0,0.0,0.0,0.0,51.1,2.39,128,51.6,835,0.6549999999999999,0.95,474,22804,138,66,47,0.87,0.62,73.7,1918,314,78,840,0.91,38.5,4.26,60.0,0.56,66.6,0.99,0.96,6.62,0.66,3887,60.2,24.8,0.64,4.1,60.0,0.95,8006,9.59,0.44,1.22,3.4,46.7,0.94,41.1,0.98,105.0,47.8,23.0,1.25,1.6,40.8,5.0,60.4,2.9,16.5,139,390,0.98,40.8,0.9,3.6,1.11,37.3,1.05,0.27,62.4,8.9,2.04,25.5,50,46573,48.6,2.0,44.3,2060,1.03,0.13,15.9,6.4,3.14,1.3,161.7,6.51,8.1,2.66,3.2,28.1,1.0,2.62,967,49.0,2.71,7.0,1.1
5515,Jan Lennard Struff,28,Germany,0.0,0.0,True,True,2009,3637295,0,0,0,0,54,44,48,40,1946,0,47.0,42.5,26.1,0.0,29.0,0.0,48.3,0.0,29.0,49.1,57.1,46.2,54.5,74.2,21.0,42.1,52.6,39.2,54.5,45.5,32.4,0.0,12.5,13.3,16.7,31.1,37.5,0.0,0.0,0.0,37.5,38.1,50.0,46.7,35.7,0.0,47.3,29.7,48.8,48.6,27.3,50.0,50.0,26.3,17.5,21.6,34.5,16.2,0.0,16.2,13.5,24.3,29.7,49.2,2.26,74,48.4,556,0.6066666666666667,0.89,847,17103,121,51,50,0.92,0.52,79.9,1922,213,39,676,0.88,36.1,3.89,56.0,0.49,75.9,0.99,0.9,6.41,0.51,2696,60.4,18.3,1.55,10.2,63.6,0.98,5476,9.85,0.57,1.25,8.4,44.2,0.98,37.8,1.0,99.0,42.1,18.4,0.99,4.0,38.3,11.2,64.1,2.4,21.8,92,246,0.85,34.7,0.87,3.9,0.91,35.2,0.99,0.65,63.1,9.3,2.07,25.7,35,34408,49.2,4.9,43.2,1605,0.95,0.32,16.4,6.42,2.5,3.22,163.8,6.42,6.5,2.61,2.6,26.8,0.94,2.3,1756,49.7,2.4,6.2,1.07
4894,Robin Haase,31,Netherlands,0.0,190.0,True,True,2005,6373742,2,0,0,0,55,33,88,44,1946,351,43.3,51.5,40.0,50.0,32.2,0.0,40.3,0.0,39.1,51.3,62.2,47.8,39.1,73.9,21.5,40.4,25.0,47.2,40.9,47.3,40.4,0.0,12.5,20.0,25.3,30.2,37.9,40.0,0.0,29.4,43.6,48.1,49.4,34.8,43.9,0.0,31.5,49.5,46.5,43.3,49.3,50.0,33.3,25.8,21.2,22.0,31.0,18.4,12.6,10.3,16.1,17.2,25.3,0.0,0.0,0,0.0,0,0.0,0.0,0,0,0,0,0,0.0,0.0,0.0,0,0,0,0,0.0,0.0,0.0,0.0,0.0,0.0,0.0,0.0,0.0,0.0,0,0.0,0.0,0.0,0.0,0.0,0.0,0,0.0,0.0,0.0,0.0,0.0,0.0,0.0,0.0,0.0,0.0,0.0,0.0,0.0,0.0,0.0,0.0,0.0,0.0,0,0,0.0,0.0,0.0,0.0,0.0,0.0,0.0,0.0,0.0,0.0,0.0,0.0,0,0,0.0,0.0,0.0,0,0.0,0.0,0.0,0.0,0.0,0.0,0.0,0.0,0.0,0.0,0.0,0.0,0.0,0.0,0,0.0,0.0,0.0,0.0
5986,Damir Dzumhur,26,Bosnia and Herzegovina,0.0,172.0,True,True,2011,3351643,3,0,0,0,56,23,63,32,1994,351,51.5,46.3,57.1,0.0,44.1,0.0,37.9,0.0,33.3,57.9,60.9,54.3,54.5,80.6,24.3,47.8,60.0,47.8,60.5,50.3,50.9,0.0,23.1,21.1,20.0,30.0,42.4,75.0,0.0,50.0,50.0,42.1,55.4,38.7,54.2,0.0,54.1,42.9,57.4,42.9,42.9,42.9,0.0,27.9,22.9,19.3,30.0,24.0,12.0,12.0,10.0,22.0,20.0,49.8,2.54,76,50.7,542,0.6333333333333333,1.0,513,14533,67,32,57,0.97,0.71,70.7,1896,200,41,562,1.02,40.1,4.06,64.2,0.62,65.0,1.0,1.0,6.45,0.66,2530,56.0,20.7,1.06,3.3,60.3,1.02,5094,9.4,0.34,1.19,2.6,49.4,0.99,45.5,1.0,100.0,47.8,28.4,1.36,2.8,38.2,9.8,59.5,3.5,12.4,101,268,0.96,38.4,1.02,3.8,1.34,39.9,1.02,0.21,60.2,6.3,0.93,25.5,35,29252,49.7,3.5,50.5,929,1.03,0.23,17.7,6.38,3.09,0.99,159.0,6.41,8.2,2.71,3.6,32.6,0.94,2.61,479,49.7,2.95,7.8,1.14
5370,Aljaz Bedene,29,Slovenia,0.0,181.0,True,True,2008,2927200,0,0,0,0,57,43,64,42,1939,0,43.8,48.3,41.7,0.0,25.8,0.0,44.0,0.0,38.5,51.3,80.0,52.1,60.0,75.9,22.1,50.6,45.5,46.4,38.1,49.4,25.0,0.0,0.0,5.0,19.0,30.1,37.7,0.0,0.0,50.0,40.0,35.7,54.7,54.2,30.0,0.0,35.7,38.7,48.8,42.3,48.0,57.1,40.0,27.1,22.6,21.3,29.0,0.0,13.3,10.0,6.7,23.3,46.7,48.7,2.32,70,48.7,506,0.61,0.9,533,15352,87,44,47,0.86,0.55,76.7,1911,200,39,595,0.94,36.5,3.88,57.1,0.52,73.5,0.98,0.92,6.34,0.55,2394,57.9,19.6,1.07,10.2,61.0,1.02,4955,9.79,0.44,1.22,8.0,44.7,0.98,38.4,1.02,96.0,50.6,20.0,1.13,2.7,38.1,8.1,62.8,2.5,17.2,91,226,1.02,35.2,0.92,3.8,0.99,36.2,0.98,0.65,62.4,7.4,2.95,24.8,31,31068,48.3,3.5,45.5,1158,0.91,0.22,15.6,6.4,2.69,3.16,158.5,6.37,6.8,2.53,2.9,28.0,0.92,2.36,1575,49.4,2.57,6.5,1.06
5324,Benoit Paire,29,France,0.0,196.0,True,True,2007,5903637,1,0,0,0,58,18,52,25,2003,351,46.5,48.9,50.0,0.0,50.0,0.0,43.9,50.0,43.5,50.0,100.0,48.2,56.3,83.5,19.2,52.0,31.8,48.4,44.7,47.0,50.7,0.0,12.5,14.6,24.1,39.2,43.7,20.0,0.0,26.3,63.3,42.3,42.1,55.1,62.5,0.0,43.2,42.0,56.1,48.4,48.4,50.0,25.0,28.9,18.5,20.8,31.8,21.2,15.2,13.6,10.6,19.7,19.7,46.2,2.5,154,49.1,998,0.5549999999999999,0.98,1746,31451,175,91,44,0.93,0.63,74.2,1933,384,63,1152,0.97,37.5,3.66,51.7,0.59,74.1,0.99,0.99,6.65,0.64,4730,59.6,16.4,1.75,10.0,59.8,0.98,9639,9.66,0.46,1.23,8.4,48.7,0.97,40.5,0.98,91.0,52.0,24.0,1.24,4.5,35.3,11.3,60.6,3.0,17.5,183,486,1.05,40.1,0.96,3.7,1.16,38.2,1.02,0.67,63.7,4.4,1.84,25.1,91,63571,49.1,5.4,47.7,1385,1.0,0.36,23.7,6.54,3.08,3.22,165.5,6.6,8.0,2.6,3.2,31.7,0.98,2.62,3214,49.5,2.86,7.4,1.06
4606,Tomas Berdych,33,Czech Republic,91.0,196.0,True,True,2002,28931999,13,0,1,0,59,4,18,6,2263,40,65.4,63.4,69.1,71.4,71.2,31.6,62.2,62.5,63.7,68.2,65.9,55.9,72.4,87.8,24.9,54.3,45.5,66.3,61.8,63.8,70.4,11.8,20.6,29.9,40.8,55.4,61.9,40.6,0.0,41.6,54.7,66.8,73.9,76.0,80.3,33.3,67.0,68.2,64.1,63.1,71.7,53.5,57.9,46.2,17.7,15.1,21.0,42.7,19.5,8.7,3.3,8.7,17.0,52.5,2.46,271,52.1,2518,0.6633333333333333,1.2,2262,74517,409,222,30,1.55,0.63,84.5,1996,970,82,2661,1.2,39.2,4.19,58.0,0.58,77.0,1.04,1.15,6.19,0.43,13119,63.7,8.5,0.96,10.2,65.3,1.05,24134,9.58,0.42,1.27,7.7,62.4,1.15,41.6,1.03,102.0,54.3,24.0,0.75,2.4,40.2,7.7,66.7,2.9,16.2,635,1572,1.04,28.0,1.25,3.7,1.14,38.1,0.98,0.63,60.6,8.4,3.16,24.9,189,142688,54.4,3.2,65.5,6049,1.15,0.2,19.5,6.46,2.07,3.04,154.4,6.32,5.3,2.6,1.9,29.2,0.95,2.06,7148,52.2,2.75,7.0,1.09
11415,Jordan Thompson,24,Australia,0.0,0.0,True,True,2013,1283959,0,0,0,0,60,60,140,103,1821,0,38.1,27.3,18.2,0.0,21.1,0.0,0.0,0.0,44.4,37.0,60.0,36.8,25.0,68.2,14.3,35.7,0.0,33.3,0.0,36.6,26.1,100.0,50.0,20.0,27.3,28.1,28.8,0.0,0.0,0.0,0.0,20.0,50.0,20.0,23.5,0.0,30.8,25.0,40.0,22.2,33.3,0.0,0.0,23.1,12.8,15.4,48.7,13.0,4.3,8.7,26.1,13.0,34.8,47.0,2.31,23,48.5,181,0.6950000000000001,0.79,184,5235,28,10,45,0.76,0.54,74.0,1905,64,12,206,0.7,36.8,4.37,62.4,0.52,68.9,0.97,0.81,6.25,0.6,809,56.8,18.8,1.02,7.0,59.9,0.86,1718,9.49,0.44,1.22,5.9,38.1,0.93,38.3,1.01,117.0,35.7,19.8,1.24,2.9,41.4,9.1,60.6,2.6,15.5,21,69,0.74,35.9,0.68,3.8,0.93,36.4,1.0,0.44,59.7,7.6,2.05,26.8,11,10797,47.1,3.4,32.8,410,0.89,0.21,17.2,6.34,2.86,2.08,168.7,6.28,8.1,2.83,3.5,28.7,0.94,2.46,377,48.5,2.44,6.9,1.05
5367,Peter Gojowczyk,29,Germany,0.0,185.0,True,True,2006,2051145,1,0,0,0,61,39,71,44,1935,482,49.3,35.3,53.8,0.0,25.0,0.0,38.9,0.0,27.3,60.7,50.0,62.9,33.3,76.9,17.6,49.0,75.0,46.0,56.3,51.8,27.8,0.0,0.0,15.4,25.9,34.5,41.2,33.3,0.0,60.0,62.5,36.4,66.7,26.7,33.3,0.0,53.8,46.2,47.4,45.5,42.9,0.0,0.0,26.5,25.3,13.3,34.9,12.5,12.5,6.3,12.5,31.3,25.0,48.8,2.25,43,49.4,266,0.6033333333333334,0.94,368,7893,49,24,40,0.9,0.54,78.6,1937,103,32,319,0.98,37.3,3.84,54.9,0.48,75.0,0.98,0.96,6.46,0.53,1257,59.5,31.1,1.43,9.2,62.6,1.02,2581,9.7,0.48,1.24,7.3,46.6,0.97,40.0,0.97,94.0,49.0,19.2,1.03,3.6,37.2,10.1,63.2,2.4,18.4,49,124,0.99,41.7,0.96,4.1,0.93,35.7,1.01,0.59,61.7,11.2,2.01,25.1,11,15910,48.7,4.6,47.6,879,0.99,0.3,10.7,6.3,2.55,2.86,157.5,6.38,6.5,2.58,2.6,27.1,0.94,2.38,738,49.6,2.32,5.9,1.12
3852,Feliciano Lopez,37,Spain,0.0,188.0,False,False,1997,15787000,6,0,0,0,62,12,49,16,2074,139,51.1,50.0,65.0,47.8,57.4,0.0,46.1,66.7,55.1,53.6,46.7,55.6,67.6,80.6,24.1,54.5,48.1,53.4,48.1,51.2,57.9,14.3,19.1,29.5,34.2,42.1,47.9,35.3,0.0,45.9,42.0,48.5,52.4,58.8,63.8,100.0,55.2,57.9,50.3,50.0,51.9,41.2,41.9,29.6,21.3,18.1,31.0,26.2,17.1,14.0,6.7,12.2,23.8,51.6,2.08,355,44.3,2345,0.6216666666666666,1.02,2959,72065,552,301,39,0.97,0.47,83.9,1951,903,144,2606,1.06,34.1,3.92,58.7,0.44,76.0,1.0,1.03,6.36,0.47,11703,65.5,15.9,1.29,12.6,64.0,1.03,23578,10.05,0.61,1.27,10.4,50.9,0.98,35.6,0.99,102.0,54.5,15.6,0.81,3.4,39.4,9.8,66.0,2.0,23.5,474,1194,1.1,39.3,1.06,3.6,0.78,33.2,1.03,0.8,63.4,9.5,3.1,26.1,211,144986,49.6,4.1,52.5,6821,1.03,0.26,23.4,6.26,2.35,4.01,164.2,6.31,6.1,2.6,2.1,26.4,0.99,2.16,9179,49.7,2.2,5.7,1.07
6031,Denis Kudla,26,United States,0.0,180.0,True,True,2010,2257075,0,0,0,0,63,53,102,83,1855,0,29.7,25.0,51.4,0.0,34.5,0.0,26.7,0.0,33.3,39.7,0.0,50.0,44.4,71.7,13.3,40.8,66.7,36.5,29.4,35.9,34.5,0.0,0.0,0.0,5.0,20.0,31.1,0.0,0.0,0.0,40.0,25.0,45.5,19.2,45.8,0.0,36.4,34.3,50.0,31.3,30.0,0.0,0.0,19.6,16.3,15.2,48.9,3.4,13.8,13.8,17.2,17.2,31.0,50.4,2.2,45,48.7,326,0.5533333333333333,0.78,426,9557,49,20,54,0.77,0.54,75.1,1905,121,25,390,0.75,36.9,3.51,58.3,0.47,69.6,0.97,0.81,6.43,0.61,1476,59.1,20.7,1.32,7.2,61.5,0.93,3133,9.61,0.4,1.22,6.0,38.0,0.92,40.7,0.97,90.0,40.8,19.2,1.19,3.6,33.7,10.2,61.6,2.5,15.0,43,124,0.84,37.2,0.73,4.0,0.92,35.3,1.05,0.46,60.9,11.2,1.68,25.9,20,19661,47.1,4.3,35.5,1089,1.0,0.28,16.5,6.24,2.92,2.21,163.8,6.34,7.9,2.69,3.2,26.4,0.96,2.47,715,48.6,2.27,6.1,1.15
5630,Federico Delbonis,28,Argentina,0.0,190.0,False,True,2007,2969558,2,0,0,0,64,33,89,41,1953,316,31.9,56.5,0.0,0.0,23.1,0.0,37.1,0.0,55.9,51.9,62.5,44.6,42.9,83.8,17.2,46.0,44.4,47.2,47.6,49.7,32.4,0.0,25.0,23.1,26.5,33.0,44.0,50.0,0.0,33.3,48.0,54.3,54.5,25.0,41.4,0.0,32.0,31.0,42.3,51.8,60.3,40.0,66.7,33.8,15.4,19.0,31.8,6.1,15.2,9.1,12.1,21.2,36.4,51.9,2.38,86,49.9,589,0.6583333333333333,0.95,764,17989,113,52,52,0.96,0.58,77.8,1907,233,47,676,0.95,36.7,4.25,60.0,0.53,70.0,0.99,0.96,6.46,0.57,2849,61.2,20.2,1.33,4.8,63.7,1.0,5756,9.77,0.48,1.24,3.8,47.4,0.99,39.8,1.0,103.0,46.0,21.2,1.08,3.3,41.5,10.6,62.8,2.6,19.2,110,279,0.92,36.9,0.95,3.7,1.04,36.8,1.02,0.31,63.1,6.0,1.14,24.7,39,36132,49.5,4.2,47.2,1086,1.02,0.27,16.7,6.45,2.78,1.52,157.8,6.45,7.0,2.53,2.7,28.7,0.97,2.4,871,49.8,2.62,6.5,1.08
11787,Cameron Norrie,23,United Kingdom,0.0,0.0,False,True,2017,824926,0,0,0,0,65,64,80,59,1895,0,53.3,54.5,33.3,0.0,33.3,0.0,0.0,0.0,0.0,64.5,50.0,38.5,50.0,79.3,9.5,39.1,0.0,51.1,33.3,54.1,38.5,0.0,0.0,25.0,27.3,47.8,45.9,0.0,0.0,25.0,66.7,66.7,60.0,0.0,37.5,0.0,14.3,54.5,63.6,25.0,0.0,50.0,0.0,41.7,11.1,19.4,27.8,9.1,9.1,9.1,9.1,36.4,27.3,48.4,2.41,21,48.2,129,0.6549999999999999,0.99,179,4087,23,9,57,1.07,0.59,79.6,1901,50,16,151,0.98,37.5,4.3,64.1,0.54,70.9,1.01,0.98,6.67,0.6,631,66.2,32.0,1.39,6.1,63.3,1.01,1241,9.62,0.46,1.27,5.0,49.6,1.0,40.7,0.98,106.0,39.1,21.9,0.98,3.6,41.3,12.1,62.8,2.7,17.8,25,64,0.78,42.0,1.0,3.8,1.05,37.2,1.08,0.41,63.1,7.0,1.41,24.8,5,8146,50.8,4.3,50.0,282,1.21,0.29,10.0,6.48,2.89,1.95,162.9,6.56,7.5,2.58,2.5,30.4,1.05,2.48,252,50.2,2.59,6.7,1.09
6387,Nick Kyrgios,23,Australia,85.0,193.0,True,True,2013,6616904,4,0,0,0,66,13,21,10,2176,180,65.2,58.5,64.5,0.0,60.7,0.0,62.3,0.0,64.5,66.0,64.3,54.2,71.4,82.8,28.0,58.6,41.7,63.2,63.2,64.1,61.2,50.0,37.5,34.9,40.0,54.5,62.2,57.1,0.0,43.8,72.7,57.9,60.0,69.2,73.9,0.0,63.2,62.3,69.4,63.0,54.5,0.0,0.0,45.5,20.5,18.9,15.2,35.4,20.0,7.7,3.1,15.4,18.5,53.5,2.07,67,47.5,562,0.5566666666666666,1.18,747,17566,152,89,30,1.38,0.5,87.9,1999,209,39,683,1.2,34.4,3.46,65.0,0.44,77.0,1.03,1.15,6.23,0.36,2973,66.1,18.7,1.36,17.4,65.6,1.04,5664,10.08,0.73,1.28,14.8,60.5,1.07,37.9,0.99,94.0,58.6,16.7,0.61,3.7,34.9,12.4,68.8,2.3,27.0,132,340,1.15,32.1,1.24,4.0,0.84,33.3,0.99,1.09,62.7,10.8,4.03,27.1,28,34355,52.5,4.3,63.2,1853,1.12,0.27,13.4,6.22,1.8,5.49,169.2,6.23,4.9,2.69,1.7,24.5,0.96,1.94,3007,51.1,2.2,6.0,1.14
4994,Mischa Zverev,31,Germany,0.0,190.0,False,True,2005,5186537,1,0,0,0,67,25,109,37,1968,394,41.3,33.8,50.9,0.0,38.1,0.0,35.4,0.0,24.3,46.8,0.0,45.8,50.0,74.7,11.9,45.5,53.3,39.1,46.9,41.5,38.1,50.0,21.4,22.6,23.7,33.3,36.3,33.3,0.0,33.3,28.6,41.8,48.9,34.9,31.4,0.0,45.2,35.6,53.3,30.0,25.0,47.1,44.4,25.9,17.1,20.5,36.5,13.5,13.5,10.8,10.8,8.1,43.2,48.9,2.32,125,47.8,778,0.61,0.89,678,23883,143,65,46,0.84,0.55,76.2,1923,314,70,878,0.86,36.3,3.93,64.5,0.52,69.4,0.98,0.91,6.46,0.6,3619,60.6,22.3,0.87,6.5,61.3,0.94,7560,9.72,0.46,1.23,5.0,43.7,0.95,38.6,1.01,94.0,45.5,19.9,1.15,2.2,38.2,7.9,62.1,2.4,18.4,129,340,0.93,39.8,0.84,3.6,0.98,36.1,1.03,0.42,62.6,6.8,2.34,24.1,55,48692,47.9,2.8,41.1,1661,0.98,0.18,17.5,6.43,2.91,2.04,155.1,6.44,7.2,2.48,2.8,29.2,0.98,2.45,1584,49.0,2.53,6.3,1.07
4526,Stan Wawrinka,33,Switzerland,81.0,183.0,True,False,2002,31661354,16,3,1,0,68,3,22,5,2291,36,63.3,66.9,50.0,47.1,72.2,46.7,59.3,33.3,61.0,62.4,62.9,57.9,55.3,84.5,33.6,52.9,58.8,65.2,52.8,60.2,70.8,16.0,20.9,37.1,42.7,55.6,61.0,57.1,0.0,48.3,59.8,59.7,61.8,72.2,82.8,58.3,54.1,59.1,63.7,66.2,72.7,68.9,55.6,37.6,22.4,15.9,24.1,37.1,21.1,12.2,9.9,8.9,10.3,53.8,2.45,242,49.6,2094,0.6533333333333334,1.17,1978,63558,397,210,32,1.32,0.61,82.6,1989,767,109,2066,1.19,37.6,4.21,57.8,0.58,73.4,1.03,1.13,6.37,0.48,10889,63.7,14.2,1.01,8.4,64.2,1.06,20550,9.81,0.52,1.27,7.1,59.8,1.08,39.4,1.01,110.0,52.9,22.9,0.86,2.7,41.3,7.6,65.1,3.0,19.0,485,1253,1.03,31.6,1.23,3.3,1.12,37.7,0.98,0.53,63.3,5.2,2.61,26.8,133,123750,53.0,3.2,63.2,3255,1.09,0.2,17.3,6.52,2.38,2.64,169.5,6.44,6.4,2.73,2.3,30.0,0.98,2.22,5169,51.4,2.84,7.6,1.05
6214,Juan Ignacio Londero,25,Argentina,0.0,0.0,True,True,2010,181228,1,0,0,0,69,69,0,0,0,482,0.0,83.3,0.0,0.0,0.0,0.0,0.0,0.0,0.0,62.5,0.0,50.0,0.0,100.0,25.0,66.7,0.0,62.5,0.0,62.5,0.0,0.0,0.0,0.0,0.0,100.0,75.0,100.0,0.0,100.0,100.0,100.0,25.0,0.0,0.0,0.0,0.0,83.3,0.0,0.0,0.0,0.0,0.0,50.0,12.5,12.5,25.0,0.0,0.0,0.0,0.0,0.0,0.0,58.6,2.52,4,54.9,18,0.66,1.18,15,598,3,2,103,1.47,0.69,82.2,1827,8,3,20,1.15,39.8,4.28,61.5,0.61,70.2,1.05,1.12,6.36,0.51,97,65.2,37.5,0.83,4.2,66.0,1.02,178,9.89,0.38,1.25,3.0,61.1,1.11,42.6,1.02,95.0,66.7,26.1,0.89,1.9,42.3,6.8,65.7,2.9,16.7,5,11,1.29,50.0,1.21,3.4,1.28,38.1,1.02,0.27,64.1,9.5,1.6,22.3,1,1154,54.5,2.6,62.5,55,1.22,0.17,12.5,6.61,2.56,1.33,144.3,6.48,5.8,2.25,2.0,26.9,0.99,2.18,24,51.8,3.0,6.8,1.12
5922,Filip Krajinovic,26,Serbia,0.0,185.0,True,True,2008,2139931,0,0,0,0,70,26,57,56,1906,394,47.7,31.8,0.0,0.0,23.1,0.0,42.1,0.0,52.9,45.5,66.7,41.7,100.0,76.7,12.8,48.4,50.0,39.3,51.7,46.6,29.4,0.0,20.0,11.1,25.0,24.3,31.8,0.0,0.0,33.3,33.3,43.8,55.2,42.9,23.1,0.0,42.1,45.8,45.5,43.8,33.3,0.0,0.0,32.9,12.9,20.0,34.3,20.0,6.7,6.7,0.0,33.3,26.7,49.9,2.37,28,49.4,223,0.6133333333333333,0.94,189,6231,31,15,47,0.81,0.58,73.6,1920,90,14,239,0.91,38.4,3.95,62.6,0.56,67.7,0.98,0.96,6.43,0.61,1012,56.4,15.6,0.91,6.6,60.2,0.95,2119,9.5,0.34,1.21,5.0,45.7,0.94,38.1,1.01,93.0,48.4,21.5,1.25,2.3,37.6,8.0,61.0,2.5,13.9,39,102,0.99,31.1,0.89,3.7,1.03,36.7,0.97,0.43,61.4,10.2,2.22,23.5,14,12765,47.8,3.0,43.3,657,0.87,0.19,15.6,6.44,2.88,2.02,152.0,6.44,7.1,2.48,3.1,28.1,0.92,2.5,420,48.8,2.7,6.7,1.04
6401,Yoshihito Nishioka,23,Japan,0.0,0.0,False,True,0,1296163,1,0,0,0,71,58,47,47,1927,482,50.0,0.0,0.0,0.0,25.0,0.0,53.8,0.0,30.0,56.3,60.0,47.8,66.7,77.5,11.1,52.9,50.0,45.7,50.0,50.9,31.6,0.0,0.0,0.0,11.1,25.6,41.3,100.0,0.0,50.0,28.6,70.0,45.5,25.0,47.1,0.0,27.3,45.0,57.1,40.0,0.0,0.0,0.0,35.8,17.0,20.8,26.4,5.6,16.7,11.1,5.6,0.0,61.1,52.7,2.41,30,53.8,194,0.6266666666666667,0.93,152,5699,17,9,43,0.86,0.64,71.9,1930,76,28,280,0.96,39.4,4.03,63.8,0.61,64.0,0.98,0.95,6.5,0.69,867,59.1,36.8,0.78,2.3,60.5,1.02,1813,9.35,0.22,1.2,1.8,45.4,0.95,39.5,0.99,96.0,52.9,24.1,1.3,2.0,37.6,7.2,59.9,2.9,8.8,35,88,1.08,39.5,0.94,4.8,1.13,37.9,1.02,0.15,60.0,11.2,0.89,23.9,2,11639,47.8,2.6,46.1,649,0.96,0.17,2.6,6.34,3.19,0.7,153.1,6.42,8.1,2.55,3.3,26.6,0.99,2.61,136,49.0,2.87,7.3,1.04
5644,Marius Copil,28,Romania,0.0,193.0,True,False,2008,1910926,0,0,0,0,72,56,72,72,1875,482,50.6,29.4,42.9,0.0,16.7,0.0,28.6,0.0,52.9,42.2,68.2,34.2,0.0,73.8,14.1,50.0,33.3,40.8,54.8,44.8,41.7,0.0,25.0,22.2,17.4,26.9,33.3,0.0,0.0,100.0,25.0,36.4,45.8,45.5,21.4,0.0,57.1,36.1,41.7,30.0,22.2,33.3,0.0,32.4,12.4,21.9,33.3,27.3,13.6,0.0,9.1,27.3,22.7,52.6,2.05,49,44.9,328,0.6416666666666667,0.95,340,9066,74,37,62,0.84,0.43,83.4,1884,129,37,363,0.9,32.3,4.0,57.5,0.4,75.9,1.0,0.95,6.24,0.45,1622,62.7,29.1,1.16,14.0,63.2,0.94,3287,10.02,0.57,1.26,11.0,47.0,0.97,34.7,1.0,100.0,50.0,14.0,0.83,2.9,40.0,8.7,66.0,1.8,22.6,57,154,1.01,38.6,0.89,4.0,0.7,32.9,1.0,0.87,62.4,6.6,3.77,25.5,12,18348,49.3,3.7,44.2,609,0.93,0.23,9.4,6.25,2.23,4.36,156.8,6.24,5.6,2.54,2.1,25.5,0.95,2.12,1282,49.4,2.02,5.1,1.06
6107,Taro Daniel,26,Japan,0.0,0.0,True,True,0,1316423,1,0,0,0,73,64,99,77,1882,482,33.3,45.5,0.0,0.0,25.0,0.0,60.0,66.7,0.0,43.4,40.0,40.6,20.0,64.3,16.7,61.0,100.0,39.1,22.2,40.3,29.2,0.0,0.0,0.0,9.1,16.1,25.4,100.0,0.0,50.0,33.3,40.0,32.5,44.4,38.5,0.0,14.3,38.5,23.5,38.5,35.7,50.0,100.0,23.6,16.7,20.8,38.9,18.2,0.0,4.5,18.2,27.3,31.8,48.8,2.28,28,50.8,258,0.6883333333333332,0.84,307,7173,41,25,58,0.69,0.56,70.8,1894,96,20,262,0.82,37.1,4.44,62.5,0.53,65.8,0.95,0.88,6.58,0.69,1127,58.0,20.8,1.26,4.1,60.2,0.93,2466,9.56,0.43,1.19,3.4,40.3,0.89,38.1,0.97,112.0,61.0,20.2,1.39,3.3,42.4,10.8,59.4,2.6,15.9,36,104,1.27,29.2,0.78,3.5,0.97,36.0,1.03,0.27,61.7,9.2,1.02,25.7,8,14988,45.7,4.0,37.5,677,0.91,0.27,8.3,6.33,3.3,1.28,162.9,6.45,8.7,2.69,3.7,26.3,0.98,2.67,312,47.9,2.55,6.7,1.06
5805,Guido Andreozzi,27,Argentina,0.0,0.0,True,True,2008,542,0,0,0,0,74,70,182,168,1736,0,33.3,30.0,0.0,0.0,14.3,0.0,0.0,0.0,0.0,38.5,0.0,80.0,100.0,50.0,21.4,14.3,0.0,30.0,0.0,38.5,14.3,0.0,0.0,0.0,0.0,25.0,35.7,0.0,0.0,0.0,0.0,0.0,50.0,50.0,16.7,0.0,20.0,40.0,25.0,50.0,0.0,0.0,0.0,15.4,23.1,7.7,53.8,0.0,0.0,14.3,0.0,28.6,57.1,45.5,2.09,9,47.9,55,0.7,0.62,103,1533,7,1,56,0.57,0.48,71.9,1871,20,5,58,0.69,34.1,4.53,59.0,0.46,69.7,0.93,0.67,6.69,0.75,220,62.4,25.0,1.87,6.2,61.1,1.03,506,9.2,0.35,1.2,5.2,29.1,0.83,34.7,0.97,114.0,14.3,16.0,1.27,5.2,41.7,15.1,59.8,2.1,12.7,6,16,0.31,45.0,0.64,3.6,0.75,33.3,1.1,0.42,59.6,9.2,1.01,25.3,4,3277,43.5,6.2,30.0,149,0.92,0.41,20.0,6.27,3.38,1.89,163.9,6.48,9.3,2.75,3.5,24.3,1.04,2.69,104,46.8,2.15,5.9,1.04
27835,Hubert Hurkacz,22,Poland,0.0,0.0,True,True,2015,404443,0,0,0,0,75,73,173,149,1759,0,25.0,42.9,0.0,0.0,33.3,0.0,0.0,0.0,50.0,0.0,40.0,14.3,0.0,50.0,8.3,33.3,0.0,30.4,0.0,35.7,20.0,0.0,0.0,0.0,0.0,0.0,12.5,0.0,0.0,0.0,0.0,0.0,0.0,20.0,50.0,8.3,0.0,0.0,40.0,50.0,0.0,0.0,0.0,28.6,7.1,42.9,21.4,0.0,11.1,0.0,0.0,33.3,55.6,48.0,2.18,7,47.1,69,0.6383333333333333,0.72,119,2165,21,7,78,0.69,0.48,76.8,1844,24,3,89,0.62,34.0,4.24,62.1,0.47,70.4,0.98,0.74,6.79,0.64,327,63.8,12.5,1.78,7.8,62.1,0.84,694,10.06,0.88,1.24,7.8,34.8,0.88,34.4,0.95,124.0,33.3,16.0,1.18,5.2,42.9,13.6,61.9,2.3,30.4,7,24,0.69,29.2,0.61,4.1,0.81,33.6,1.07,0.53,67.1,8.9,1.51,28.9,4,4498,47.1,5.2,29.2,195,0.95,0.35,16.7,6.5,3.25,2.69,195.6,6.64,9.5,2.88,3.4,25.3,1.03,2.59,180,48.1,2.34,6.8,1.02
5801,Tennys Sandgren,27,United States,0.0,0.0,True,True,2011,1334341,1,0,0,0,76,41,66,61,1894,394,53.3,36.8,0.0,0.0,41.7,0.0,20.0,0.0,42.9,51.9,0.0,36.4,100.0,86.4,13.8,44.8,0.0,43.8,66.7,46.2,41.7,0.0,100.0,28.6,40.0,33.3,41.5,50.0,0.0,100.0,40.0,71.4,38.9,37.5,33.3,0.0,0.0,52.4,66.7,14.3,55.6,0.0,0.0,33.3,8.3,19.4,38.9,25.0,8.3,8.3,0.0,33.3,25.0,49.1,2.16,18,46.4,129,0.675,0.92,115,3965,29,13,51,0.91,0.52,80.3,1914,51,9,96,0.92,34.9,4.29,61.0,0.47,74.0,0.99,0.93,6.43,0.55,620,64.0,17.6,0.89,10.2,62.2,0.99,1261,9.78,0.57,1.25,8.1,45.7,0.96,38.0,0.97,106.0,44.8,17.8,0.96,2.3,41.9,7.3,64.3,2.2,22.5,23,59,0.91,35.3,0.91,2.4,0.87,34.4,1.05,0.65,62.1,6.1,3.59,24.7,9,8006,49.2,2.8,45.1,242,1.05,0.18,17.6,6.29,2.67,3.2,157.0,6.35,6.7,2.53,2.4,27.6,0.99,2.3,413,49.5,2.29,5.8,1.1
44495,Jaume Munar,21,Spain,0.0,0.0,True,True,0,685184,0,0,0,0,77,74,101,101,1823,0,38.5,50.0,0.0,0.0,33.3,0.0,0.0,0.0,33.3,55.6,0.0,55.6,100.0,76.9,22.2,64.7,0.0,48.3,0.0,48.0,33.3,0.0,0.0,0.0,16.7,38.5,39.1,0.0,0.0,0.0,33.3,50.0,60.0,33.3,50.0,0.0,0.0,61.5,60.0,50.0,33.3,0.0,0.0,33.3,12.5,16.7,37.5,0.0,0.0,40.0,0.0,20.0,40.0,49.0,2.52,12,50.7,77,0.6649999999999999,0.88,88,2429,17,11,52,0.78,0.54,73.7,1909,31,8,127,0.96,36.9,4.44,63.5,0.56,66.6,0.96,0.91,6.64,0.65,351,59.3,25.8,1.14,5.0,60.3,1.05,745,9.68,0.55,1.23,4.0,42.9,0.94,36.7,1.01,106.0,64.7,20.4,1.27,2.8,43.0,9.7,60.2,2.5,22.1,14,33,1.32,38.7,0.92,5.1,0.99,37.6,1.0,0.34,64.6,6.7,1.42,24.0,4,4972,47.1,3.6,45.2,168,0.9,0.24,12.9,6.71,3.13,1.62,160.4,6.67,7.8,2.48,3.2,30.4,0.99,2.65,125,48.9,2.69,6.7,0.98
4654,Pablo Cuevas,33,Uruguay,0.0,180.0,True,False,2004,7544008,6,0,0,0,78,19,51,26,2004,217,43.1,60.8,42.9,50.0,36.2,0.0,44.3,50.0,51.5,59.1,81.3,49.2,30.8,83.3,20.6,54.8,52.4,53.8,54.3,55.0,49.3,0.0,30.0,25.0,31.4,39.0,47.1,66.7,0.0,47.4,50.0,52.1,57.0,40.0,51.4,0.0,45.0,50.0,40.4,59.6,49.2,50.0,66.7,36.4,18.7,17.7,27.2,32.4,11.8,5.9,13.2,8.8,27.9,52.0,2.35,134,48.7,952,0.6316666666666666,1.06,956,27208,177,97,60,1.01,0.57,79.2,1890,373,63,933,1.06,37.0,4.03,60.3,0.53,71.7,1.01,1.05,6.38,0.53,4695,60.8,17.1,1.1,7.7,63.3,1.01,9266,9.73,0.47,1.24,6.0,53.4,1.02,39.8,1.01,98.0,54.8,21.0,1.02,2.8,39.4,8.9,63.9,2.6,18.6,201,508,1.09,36.4,1.07,3.4,1.03,36.8,1.0,0.49,62.5,6.2,2.16,24.8,71,54087,50.7,3.5,53.9,1696,1.02,0.23,19.3,6.39,2.59,2.39,155.9,6.38,6.5,2.55,2.5,29.4,0.95,2.3,2068,50.3,2.59,6.5,1.08
5420,Radu Albot,29,"Moldova, Republic of",0.0,0.0,True,True,2008,1918145,0,0,0,0,79,79,93,93,1843,0,34.4,40.0,60.0,0.0,36.4,0.0,20.0,50.0,0.0,34.4,71.4,45.5,70.0,68.1,20.9,44.7,40.0,39.8,42.9,32.9,53.7,0.0,0.0,0.0,15.4,20.0,29.2,0.0,0.0,0.0,50.0,26.7,34.1,30.0,38.9,0.0,61.1,27.8,26.1,29.4,20.0,25.0,33.3,21.9,11.0,20.5,46.6,15.0,20.0,17.5,7.5,22.5,17.5,49.3,2.47,36,50.3,329,0.6533333333333334,0.9,288,7790,47,21,77,0.75,0.59,70.4,1851,114,25,304,0.84,38.3,4.29,65.1,0.6,64.5,1.0,0.9,6.57,0.66,1508,55.2,21.9,1.13,2.9,60.2,0.93,3130,9.51,0.41,1.19,2.5,43.5,0.92,36.9,1.0,112.0,44.7,22.3,1.42,3.1,41.0,10.2,59.2,2.9,14.3,46,143,0.92,31.6,0.83,3.8,1.06,37.5,0.96,0.19,62.9,8.1,0.81,27.5,11,16097,48.2,3.6,40.4,654,0.82,0.23,9.6,6.59,3.17,0.91,173.1,6.58,8.7,2.89,3.9,29.1,0.93,2.68,232,48.4,2.88,7.9,0.98
25609,Ilya Ivashka,24,Belarus,0.0,0.0,True,True,2013,263910,0,0,0,0,80,80,108,108,1814,0,60.7,14.3,0.0,0.0,25.0,0.0,50.0,0.0,0.0,53.3,63.6,54.5,100.0,76.5,25.0,64.3,0.0,42.9,66.7,41.7,61.5,0.0,0.0,0.0,16.7,21.4,39.1,0.0,0.0,0.0,100.0,33.3,60.0,20.0,33.3,0.0,64.3,25.0,33.3,0.0,0.0,0.0,0.0,21.7,17.4,21.7,39.1,25.0,16.7,16.7,0.0,8.3,33.3,46.1,2.58,14,50.0,102,0.715,0.94,157,3290,14,9,79,0.97,0.64,74.4,1844,37,12,103,0.98,39.5,4.67,58.8,0.6,72.2,0.99,0.95,6.5,0.6,497,57.1,32.4,1.54,7.8,61.4,1.03,1001,9.81,0.38,1.21,6.9,47.1,1.02,41.3,1.0,126.0,64.3,24.9,1.26,4.2,45.8,11.6,61.4,3.4,13.7,18,48,1.28,37.8,0.97,3.2,1.22,39.2,0.98,0.51,64.1,5.6,1.63,27.1,2,6538,49.7,4.8,48.6,182,0.96,0.31,5.4,6.58,2.95,2.51,176.7,6.53,8.1,2.76,3.5,32.4,0.93,2.51,256,50.3,2.94,8.1,1.05
3333,Ivo Karlovic,39,Croatia,0.0,208.0,True,False,2000,9254394,8,0,0,0,81,14,85,16,2062,131,53.0,42.5,63.7,47.1,47.2,0.0,43.2,66.7,53.0,58.4,47.4,50.8,32.1,80.9,23.4,50.1,50.0,52.2,54.5,54.0,46.7,22.2,18.9,26.3,36.2,43.6,50.6,42.1,0.0,50.0,49.4,56.0,55.3,50.8,50.7,0.0,52.5,52.9,56.9,53.3,50.0,50.0,38.9,33.6,20.8,18.3,27.2,21.0,18.5,7.6,16.0,11.8,25.2,0.0,0.0,0,0.0,0,0.0,0.0,0,0,0,0,0,0.0,0.0,0.0,0,0,0,0,0.0,0.0,0.0,0.0,0.0,0.0,0.0,0.0,0.0,0.0,0,0.0,0.0,0.0,0.0,0.0,0.0,0,0.0,0.0,0.0,0.0,0.0,0.0,0.0,0.0,0.0,0.0,0.0,0.0,0.0,0.0,0.0,0.0,0.0,0.0,0,0,0.0,0.0,0.0,0.0,0.0,0.0,0.0,0.0,0.0,0.0,0.0,0.0,0,0,0.0,0.0,0.0,0,0.0,0.0,0.0,0.0,0.0,0.0,0.0,0.0,0.0,0.0,0.0,0.0,0.0,0.0,0,0.0,0.0,0.0,0.0
11429,Mackenzie Mcdonald,23,United States,0.0,0.0,True,True,2016,821295,0,0,0,0,82,76,100,100,1823,0,25.0,0.0,62.5,0.0,50.0,0.0,16.7,0.0,0.0,36.4,0.0,20.0,25.0,53.3,14.3,70.0,0.0,33.3,50.0,26.3,50.0,0.0,0.0,0.0,20.0,25.0,34.8,0.0,0.0,0.0,0.0,25.0,40.0,25.0,50.0,0.0,54.5,40.0,0.0,0.0,0.0,0.0,0.0,16.7,5.6,27.8,50.0,10.0,30.0,10.0,30.0,20.0,0.0,49.5,2.19,9,49.9,87,0.645,0.88,107,2596,10,7,53,0.74,0.48,77.4,1923,29,8,106,0.74,36.2,4.12,63.7,0.45,69.2,0.97,0.91,6.38,0.55,393,59.2,28.6,1.23,5.0,62.7,0.81,841,9.67,0.34,1.25,4.7,42.5,0.91,37.6,1.0,119.0,70.0,16.7,1.09,3.7,39.8,11.0,62.1,2.4,11.5,10,37,1.45,32.1,0.71,4.0,0.82,34.6,1.02,0.32,61.7,11.5,1.26,29.0,1,5368,46.7,4.0,34.5,308,0.92,0.25,3.6,6.32,2.68,1.55,185.1,6.38,8.0,3.0,3.3,25.0,0.95,2.42,135,48.4,2.17,6.5,1.09
4664,Pablo Andujar,33,Spain,0.0,180.0,True,True,2004,4474496,4,0,0,0,83,32,129,49,1929,260,28.0,50.5,12.5,0.0,32.6,0.0,37.0,0.0,46.6,42.2,33.3,40.4,40.0,76.1,12.4,38.7,20.0,41.5,32.1,42.1,32.6,0.0,0.0,16.7,24.0,28.5,36.3,50.0,0.0,66.7,54.5,42.9,34.1,41.2,40.5,0.0,20.0,17.9,39.5,37.8,55.0,55.6,66.7,27.2,13.8,20.3,38.6,18.6,4.7,9.3,14.0,16.3,37.2,48.8,2.57,131,51.6,753,0.6766666666666666,0.88,928,22441,93,36,49,0.85,0.65,70.0,1910,305,53,862,0.85,39.5,4.45,63.3,0.64,64.4,0.97,0.9,6.61,0.7,3374,56.9,17.4,1.25,2.2,60.2,0.95,7076,9.4,0.3,1.19,1.6,42.9,0.95,39.7,1.0,102.0,38.7,25.3,1.4,3.1,41.8,11.0,58.7,2.9,12.4,124,323,0.79,43.0,0.83,3.8,1.2,39.2,0.99,0.14,61.8,6.4,0.53,23.2,78,45878,47.7,4.1,40.7,1477,0.92,0.27,25.6,6.56,3.24,0.67,151.9,6.59,8.0,2.47,3.4,30.7,0.97,2.73,496,48.9,3.01,7.4,1.01
5201,Ernests Gulbis,30,Latvia,0.0,190.0,True,True,2004,6596107,6,0,0,0,84,10,50,10,2167,199,50.9,54.3,41.7,70.6,47.5,0.0,49.0,0.0,45.1,54.2,81.5,52.1,43.8,78.5,20.9,46.8,68.4,51.2,54.5,50.7,56.1,14.3,18.2,28.8,33.3,45.3,48.2,85.7,0.0,38.9,43.9,46.6,57.2,42.5,53.8,0.0,47.4,43.4,47.9,49.5,63.6,50.0,40.0,30.1,20.2,17.8,31.9,37.6,11.9,6.9,8.9,17.8,16.8,48.6,2.27,200,47.7,1197,0.6433333333333333,1.04,1805,34353,205,96,42,1.05,0.54,81.6,1943,458,117,1219,1.02,35.8,4.1,60.4,0.51,75.3,1.02,1.02,6.36,0.51,5945,64.0,25.6,1.64,11.9,63.8,1.0,11623,9.71,0.45,1.26,9.5,52.0,1.01,37.8,1.0,102.0,46.8,19.2,0.9,4.2,39.9,13.3,64.7,2.4,17.1,238,623,0.93,43.8,1.03,3.6,0.94,35.7,1.01,0.76,62.0,6.7,2.26,25.4,83,68408,51.1,5.3,52.0,2292,1.05,0.34,18.2,6.35,2.5,3.7,158.7,6.36,6.4,2.61,2.3,28.0,0.99,2.24,4080,50.2,2.48,6.4,1.06
9719,Maximilian Marterer,23,Germany,0.0,0.0,False,True,2015,1124468,0,0,0,0,85,45,141,71,1888,0,28.6,42.3,14.3,0.0,50.0,0.0,28.6,0.0,0.0,33.3,0.0,38.9,100.0,72.2,16.3,30.8,0.0,35.3,20.0,28.6,50.0,0.0,0.0,0.0,14.3,18.2,29.2,0.0,0.0,0.0,33.3,33.3,28.1,25.0,62.5,0.0,26.3,36.4,11.1,60.0,25.0,0.0,0.0,14.6,12.5,22.9,50.0,33.3,8.3,8.3,0.0,25.0,25.0,54.6,1.99,23,43.8,156,0.6466666666666666,0.77,118,4529,26,8,54,0.71,0.44,79.9,1895,61,11,194,0.7,31.9,4.03,63.5,0.42,69.5,0.97,0.8,6.35,0.51,714,60.8,18.0,0.77,8.3,62.5,0.88,1528,9.79,0.43,1.25,6.5,37.2,0.9,34.5,0.98,100.0,30.8,14.4,0.98,2.0,39.6,6.8,64.1,1.8,16.7,20,58,0.64,37.7,0.68,4.2,0.71,32.3,1.01,0.53,61.2,7.6,3.32,25.0,12,9360,46.7,2.5,32.8,350,0.88,0.16,19.7,6.15,2.5,2.56,156.0,6.24,6.4,2.56,2.5,25.1,0.95,2.28,392,48.4,2.05,5.2,1.07
5333,Thomas Fabbiano,29,Italy,0.0,0.0,True,True,2005,1501566,0,0,0,0,86,70,107,101,1827,0,30.8,25.0,50.0,0.0,41.2,0.0,14.3,0.0,16.7,33.3,0.0,41.2,100.0,61.9,15.0,35.7,50.0,32.7,22.2,27.3,41.2,0.0,0.0,0.0,0.0,11.5,22.2,0.0,0.0,0.0,0.0,22.2,33.3,27.3,41.7,0.0,46.2,11.1,38.5,33.3,10.0,0.0,50.0,16.3,9.3,23.3,51.2,5.9,17.6,17.6,0.0,17.6,41.2,48.7,2.41,17,50.7,164,0.6549999999999999,0.73,199,4919,28,10,62,0.71,0.58,69.8,1880,61,10,216,0.69,38.5,4.3,65.0,0.59,63.9,0.95,0.77,6.59,0.66,713,54.5,16.4,1.21,2.3,60.0,0.9,1572,9.59,0.46,1.19,1.9,34.8,0.89,36.4,1.01,110.0,35.7,21.4,1.43,3.3,41.2,11.1,58.6,2.8,17.1,19,57,0.75,27.9,0.65,4.2,1.04,36.9,0.96,0.15,62.9,10.9,0.59,25.8,7,10318,45.4,3.9,31.1,565,0.8,0.26,11.5,6.54,3.15,0.72,169.1,6.56,8.5,2.69,3.9,28.4,0.93,2.73,118,47.7,2.85,7.7,0.99
6057,Bernard Tomic,26,Australia,0.0,193.0,True,True,2008,5717084,4,0,0,0,87,17,62,21,2036,260,55.2,34.5,55.4,0.0,54.1,0.0,41.7,0.0,44.4,54.2,81.0,53.3,72.7,79.6,20.9,53.6,50.0,53.4,36.4,49.0,59.1,0.0,4.8,17.4,22.8,35.5,43.2,66.7,0.0,50.0,37.5,55.9,46.1,47.8,60.5,0.0,50.7,62.4,40.4,38.8,50.0,40.0,0.0,30.4,20.4,19.6,29.6,30.8,20.9,8.8,3.3,14.3,22.0,50.3,2.15,118,47.7,916,0.5533333333333333,1.05,567,26904,194,104,43,0.92,0.51,81.2,1941,344,60,986,1.04,36.2,3.54,66.4,0.48,71.3,1.01,1.04,6.49,0.52,4529,63.7,17.5,0.66,9.3,62.0,0.99,9083,9.92,0.56,1.26,7.9,52.1,0.95,36.2,0.96,92.0,53.6,17.3,0.94,1.7,35.1,6.1,64.2,2.3,21.2,178,477,1.08,34.4,1.05,3.7,0.86,34.1,1.02,0.6,63.4,12.3,4.53,26.4,58,54356,49.9,2.0,51.7,3261,1.0,0.13,16.9,6.29,2.58,3.0,166.7,6.39,6.8,2.66,2.5,25.4,0.99,2.32,2568,49.5,2.36,6.2,1.06
44831,Ugo Humbert,20,France,0.0,0.0,False,True,0,254435,0,0,0,0,88,84,115,115,1798,0,30.0,0.0,0.0,0.0,33.3,0.0,0.0,0.0,0.0,33.3,0.0,25.0,0.0,40.0,20.0,30.0,0.0,33.3,25.0,28.6,33.3,0.0,0.0,0.0,0.0,0.0,20.0,0.0,0.0,0.0,0.0,0.0,50.0,0.0,50.0,0.0,20.0,0.0,50.0,0.0,0.0,0.0,0.0,14.3,14.3,28.6,42.9,33.3,0.0,0.0,33.3,33.3,0.0,53.2,1.87,3,45.3,29,0.67,0.83,37,940,10,3,88,0.97,0.41,86.9,1885,10,1,36,0.6,31.6,4.2,59.9,0.25,76.1,1.01,0.82,6.44,0.39,152,66.7,10.0,1.28,10.8,65.7,0.73,302,10.41,1.0,1.3,10.6,41.4,0.93,50.0,0.92,126.0,30.0,12.7,0.69,3.7,43.7,9.4,66.9,1.9,34.5,3,12,0.6,30.0,0.6,4.0,0.66,30.9,1.21,0.69,65.3,11.0,2.86,30.2,2,1893,50.3,3.8,30.0,100,1.5,0.24,20.0,6.05,2.07,3.66,189.3,6.27,6.0,2.9,2.0,21.4,1.0,2.13,106,49.7,1.31,3.8,1.62
24021,Reilly Opelka,21,United States,0.0,0.0,True,True,2015,380791,0,0,0,0,89,89,135,135,1771,0,41.7,0.0,0.0,0.0,33.3,0.0,20.0,0.0,0.0,47.1,0.0,23.1,0.0,53.8,21.4,45.2,25.0,36.0,50.0,37.5,33.3,0.0,0.0,66.7,33.3,27.3,40.9,0.0,0.0,0.0,50.0,40.0,50.0,20.0,25.0,0.0,50.0,0.0,50.0,20.0,0.0,0.0,0.0,21.7,13.0,34.8,30.4,0.0,33.3,0.0,66.7,0.0,0.0,56.3,1.73,12,43.0,72,0.64,0.91,121,2384,31,14,54,0.77,0.28,89.8,1909,27,9,121,0.76,26.9,4.07,58.7,0.31,78.8,1.0,0.91,6.43,0.35,375,71.1,33.3,1.68,20.2,65.9,0.83,769,10.68,1.15,1.29,18.4,44.4,0.91,24.8,0.98,115.0,45.2,7.8,0.54,4.5,43.4,11.9,69.5,1.1,43.1,10,32,0.92,44.4,0.76,5.0,0.42,27.7,1.01,1.3,67.8,10.7,4.12,28.5,3,4879,48.8,4.9,37.0,259,0.86,0.32,11.1,6.26,1.88,6.92,180.7,6.34,5.0,2.67,1.4,18.0,1.02,1.96,498,48.9,1.68,4.5,0.9
5602,Bradley Klahn,28,United States,0.0,190.0,False,True,2012,1064289,0,0,0,0,90,63,146,136,1778,0,26.7,0.0,20.0,0.0,23.1,0.0,33.3,0.0,0.0,20.0,0.0,38.5,33.3,41.7,16.0,57.7,50.0,24.2,25.0,25.0,23.1,0.0,0.0,0.0,0.0,15.8,25.0,0.0,0.0,0.0,0.0,0.0,14.3,50.0,23.1,0.0,33.3,27.3,25.0,20.0,0.0,0.0,0.0,8.3,16.7,25.0,50.0,0.0,15.4,7.7,15.4,38.5,23.1,49.3,1.92,12,42.5,110,0.6316666666666666,0.69,169,3225,26,15,41,0.52,0.41,74.9,1930,37,8,126,0.55,32.2,3.95,61.8,0.36,70.0,0.93,0.74,6.42,0.58,481,56.5,21.6,1.54,8.3,61.9,0.74,1091,9.92,0.7,1.21,7.9,32.7,0.84,36.2,0.95,116.0,57.7,13.1,1.25,4.6,39.1,12.6,62.1,1.9,23.6,9,36,1.22,32.4,0.51,3.8,0.65,31.7,1.03,0.53,62.0,9.5,1.72,29.5,4,6821,44.1,4.8,24.3,317,0.83,0.31,10.8,6.05,2.86,2.65,184.4,6.25,8.5,2.97,3.7,25.6,0.91,2.43,291,47.3,1.81,5.4,1.14
11485,Laslo Djere,23,Serbia,0.0,0.0,True,True,2013,744066,0,0,0,0,91,83,131,96,1835,0,21.1,55.2,0.0,0.0,14.3,0.0,0.0,0.0,0.0,48.6,33.3,66.7,0.0,73.7,20.0,47.2,66.7,46.3,12.5,46.2,20.0,0.0,0.0,0.0,0.0,50.0,42.1,0.0,0.0,0.0,60.0,50.0,52.6,0.0,14.3,0.0,14.3,41.7,33.3,40.0,40.0,75.0,75.0,25.0,22.2,11.1,41.7,0.0,11.1,0.0,0.0,44.4,44.4,0.0,0.0,0,0.0,0,0.0,0.0,0,0,0,0,0,0.0,0.0,0.0,0,0,0,0,0.0,0.0,0.0,0.0,0.0,0.0,0.0,0.0,0.0,0.0,0,0.0,0.0,0.0,0.0,0.0,0.0,0,0.0,0.0,0.0,0.0,0.0,0.0,0.0,0.0,0.0,0.0,0.0,0.0,0.0,0.0,0.0,0.0,0.0,0.0,0,0,0.0,0.0,0.0,0.0,0.0,0.0,0.0,0.0,0.0,0.0,0.0,0.0,0,0,0.0,0.0,0.0,0,0.0,0.0,0.0,0.0,0.0,0.0,0.0,0.0,0.0,0.0,0.0,0.0,0.0,0.0,0,0.0,0.0,0.0,0.0
5978,Ryan Harrison,26,United States,0.0,183.0,True,True,2008,4475512,1,0,0,0,92,40,69,38,1953,482,46.4,33.3,35.1,0.0,32.6,0.0,43.3,0.0,41.2,46.8,50.0,49.4,20.0,80.9,16.5,41.0,47.4,42.3,48.3,45.1,31.8,0.0,0.0,5.3,15.2,28.0,39.5,25.0,0.0,36.4,61.1,47.2,36.1,46.0,45.7,0.0,40.5,43.7,45.6,42.0,41.2,46.2,0.0,25.8,18.4,17.5,38.2,20.5,9.1,2.3,9.1,20.5,38.6,0.0,0.0,0,0.0,0,0.0,0.0,0,0,0,0,0,0.0,0.0,0.0,0,0,0,0,0.0,0.0,0.0,0.0,0.0,0.0,0.0,0.0,0.0,0.0,0,0.0,0.0,0.0,0.0,0.0,0.0,0,0.0,0.0,0.0,0.0,0.0,0.0,0.0,0.0,0.0,0.0,0.0,0.0,0.0,0.0,0.0,0.0,0.0,0.0,0,0,0.0,0.0,0.0,0.0,0.0,0.0,0.0,0.0,0.0,0.0,0.0,0.0,0,0,0.0,0.0,0.0,0,0.0,0.0,0.0,0.0,0.0,0.0,0.0,0.0,0.0,0.0,0.0,0.0,0.0,0.0,0,0.0,0.0,0.0,0.0
6412,Christian Garin,22,Chile,0.0,0.0,True,True,2013,355596,0,0,0,0,93,84,195,162,1716,0,25.0,50.0,0.0,0.0,0.0,0.0,0.0,0.0,0.0,20.0,47.4,16.7,33.3,58.3,20.0,38.5,0.0,37.0,0.0,38.5,35.7,0.0,0.0,0.0,0.0,0.0,0.0,0.0,0.0,0.0,0.0,0.0,25.0,0.0,0.0,0.0,0.0,0.0,33.3,0.0,0.0,0.0,0.0,38.5,0.0,23.1,38.5,14.3,14.3,7.1,14.3,35.7,14.3,48.7,2.56,2,50.9,84,0.6533333333333334,0.91,66,1406,13,5,190,0.76,0.61,68.9,1738,27,1,79,0.76,37.5,4.22,57.7,0.6,66.6,1.01,0.9,6.25,0.6,395,48.1,4.0,1.38,5.9,59.4,0.84,807,9.61,0.48,1.17,5.2,44.0,0.94,39.6,1.06,118.0,38.5,23.6,1.46,4.1,39.5,11.1,59.0,3.3,15.5,10,37,0.79,8.0,0.76,5.3,1.1,38.5,0.91,0.37,60.4,6.1,1.26,29.9,1,2901,48.9,4.7,37.0,91,0.76,0.29,4.0,6.64,2.81,1.73,181.3,6.46,8.4,3.11,4.4,30.1,0.82,2.56,83,48.5,2.79,8.4,1.03
5528,Evgeny Donskoy,28,Russian Federation,0.0,185.0,True,True,2007,2431474,0,0,0,0,94,65,118,92,1835,0,37.5,20.7,26.7,0.0,34.5,0.0,35.3,66.7,41.2,28.9,42.9,27.1,42.9,63.2,10.2,45.7,41.7,34.7,28.9,32.2,37.1,0.0,0.0,9.1,9.5,23.8,28.8,0.0,0.0,0.0,16.7,27.3,31.4,36.0,44.0,0.0,19.0,37.8,42.4,37.9,22.7,14.3,0.0,23.5,8.4,26.1,42.0,8.8,17.6,8.8,11.8,14.7,38.2,50.5,2.17,57,46.1,409,0.6216666666666666,0.81,344,11746,70,32,56,0.65,0.44,77.1,1896,156,33,436,0.72,34.4,4.03,58.6,0.44,69.9,0.96,0.84,6.56,0.61,1830,62.2,21.2,0.88,6.2,61.2,0.86,3977,9.72,0.45,1.25,5.1,38.6,0.89,34.1,0.99,100.0,45.7,14.9,1.11,2.3,39.1,6.7,61.9,1.9,17.1,52,158,0.95,36.5,0.69,3.6,0.73,33.9,1.05,0.41,63.0,8.4,2.23,25.5,24,24489,46.0,2.8,33.3,1027,0.9,0.18,15.4,6.4,2.93,1.97,162.2,6.48,7.5,2.62,2.9,25.6,1.0,2.5,767,48.0,2.14,5.5,1.01
6196,Jiri Vesely,25,Czech Republic,0.0,0.0,False,True,2009,3491370,1,0,0,0,95,35,84,38,1952,482,0.0,0.0,0.0,0.0,0.0,0.0,0.0,0.0,0.0,0.0,0.0,0.0,0.0,0.0,0.0,0.0,0.0,0.0,0.0,0.0,0.0,0.0,0.0,0.0,0.0,0.0,0.0,0.0,0.0,0.0,0.0,0.0,0.0,0.0,0.0,0.0,0.0,0.0,0.0,0.0,0.0,0.0,0.0,0.0,0.0,0.0,0.0,0.0,0.0,0.0,0.0,0.0,0.0,0.0,0.0,0,0.0,0,0.0,0.0,0,0,0,0,0,0.0,0.0,0.0,0,0,0,0,0.0,0.0,0.0,0.0,0.0,0.0,0.0,0.0,0.0,0.0,0,0.0,0.0,0.0,0.0,0.0,0.0,0,0.0,0.0,0.0,0.0,0.0,0.0,0.0,0.0,0.0,0.0,0.0,0.0,0.0,0.0,0.0,0.0,0.0,0.0,0,0,0.0,0.0,0.0,0.0,0.0,0.0,0.0,0.0,0.0,0.0,0.0,0.0,0,0,0.0,0.0,0.0,0,0.0,0.0,0.0,0.0,0.0,0.0,0.0,0.0,0.0,0.0,0.0,0.0,0.0,0.0,0,0.0,0.0,0.0,0.0
5070,Albert Ramos,31,Spain,0.0,188.0,False,True,2004,5946829,1,0,0,0,96,17,106,25,2014,316,36.3,53.1,35.3,0.0,41.2,0.0,48.8,0.0,42.6,46.6,71.4,48.6,58.3,77.0,19.9,43.6,42.9,47.1,37.2,46.7,41.8,20.0,10.0,15.0,20.7,30.6,38.4,16.7,0.0,54.5,30.6,42.7,44.7,55.9,52.6,0.0,45.2,38.3,34.8,44.2,52.6,50.0,62.5,27.4,18.0,20.4,34.1,18.5,9.3,13.0,9.3,13.0,37.0,0.0,0.0,0,0.0,0,0.0,0.0,0,0,0,0,0,0.0,0.0,0.0,0,0,0,0,0.0,0.0,0.0,0.0,0.0,0.0,0.0,0.0,0.0,0.0,0,0.0,0.0,0.0,0.0,0.0,0.0,0,0.0,0.0,0.0,0.0,0.0,0.0,0.0,0.0,0.0,0.0,0.0,0.0,0.0,0.0,0.0,0.0,0.0,0.0,0,0,0.0,0.0,0.0,0.0,0.0,0.0,0.0,0.0,0.0,0.0,0.0,0.0,0,0,0.0,0.0,0.0,0,0.0,0.0,0.0,0.0,0.0,0.0,0.0,0.0,0.0,0.0,0.0,0.0,0.0,0.0,0,0.0,0.0,0.0,0.0
5422,Prajnesh Gunneswaran,29,India,0.0,0.0,False,True,0,256811,0,0,0,0,97,97,193,193,1650,0,25.0,0.0,50.0,0.0,0.0,0.0,0.0,0.0,0.0,16.7,50.0,100.0,0.0,100.0,0.0,33.3,0.0,27.3,0.0,25.0,33.3,0.0,0.0,0.0,0.0,50.0,14.3,0.0,0.0,0.0,0.0,0.0,20.0,0.0,0.0,0.0,33.3,0.0,0.0,0.0,0.0,0.0,0.0,12.5,12.5,0.0,75.0,0.0,33.3,0.0,0.0,0.0,66.7,48.6,1.97,2,48.2,27,0.6266666666666667,0.55,25,720,3,1,96,0.51,0.45,71.3,1785,11,1,35,0.64,31.9,3.7,62.7,0.41,70.0,0.91,0.61,5.78,0.51,111,43.9,9.1,0.93,6.2,61.7,1.05,260,9.63,0.27,1.15,4.2,25.9,0.86,35.2,1.06,87.0,33.3,14.5,1.37,2.3,35.7,9.0,62.0,1.7,11.1,3,7,0.71,18.2,0.58,4.4,0.7,32.6,0.85,0.36,56.9,7.4,1.84,23.6,1,1537,42.7,3.4,27.3,59,0.63,0.19,9.1,6.05,2.44,1.7,139.7,5.91,6.0,2.45,3.4,22.5,0.71,2.19,46,46.8,2.0,4.9,1.08
44526,Lloyd George Muirhead Harris,21,South Africa,0.0,0.0,True,True,2015,257990,0,0,0,0,98,98,161,149,1748,0,61.5,0.0,0.0,0.0,0.0,0.0,0.0,0.0,0.0,25.0,75.0,50.0,0.0,90.0,12.5,20.0,0.0,55.6,0.0,55.6,55.6,0.0,0.0,0.0,0.0,33.3,16.7,0.0,0.0,0.0,0.0,0.0,33.3,0.0,0.0,0.0,0.0,50.0,0.0,0.0,0.0,0.0,0.0,44.4,11.1,11.1,33.3,44.4,11.1,0.0,0.0,11.1,33.3,0.0,0.0,0,0.0,0,0.0,0.0,0,0,0,0,0,0.0,0.0,0.0,0,0,0,0,0.0,0.0,0.0,0.0,0.0,0.0,0.0,0.0,0.0,0.0,0,0.0,0.0,0.0,0.0,0.0,0.0,0,0.0,0.0,0.0,0.0,0.0,0.0,0.0,0.0,0.0,0.0,0.0,0.0,0.0,0.0,0.0,0.0,0.0,0.0,0,0,0.0,0.0,0.0,0.0,0.0,0.0,0.0,0.0,0.0,0.0,0.0,0.0,0,0,0.0,0.0,0.0,0,0.0,0.0,0.0,0.0,0.0,0.0,0.0,0.0,0.0,0.0,0.0,0.0,0.0,0.0,0,0.0,0.0,0.0,0.0
25898,Andrey Rublev,21,Russian Federation,0.0,0.0,True,True,2014,2472884,1,0,0,0,99,31,82,31,1999,394,45.0,43.5,60.0,0.0,50.0,0.0,25.0,0.0,54.5,45.7,50.0,53.3,40.0,85.7,11.9,38.3,100.0,48.3,33.3,44.8,47.6,0.0,0.0,10.0,23.5,36.8,41.5,50.0,0.0,66.7,33.3,42.9,48.6,35.3,54.5,0.0,35.3,35.3,48.5,50.0,20.0,75.0,0.0,27.1,16.5,12.9,43.5,23.8,14.3,9.5,14.3,19.0,19.0,0.0,0.0,0,0.0,0,0.0,0.0,0,0,0,0,0,0.0,0.0,0.0,0,0,0,0,0.0,0.0,0.0,0.0,0.0,0.0,0.0,0.0,0.0,0.0,0,0.0,0.0,0.0,0.0,0.0,0.0,0,0.0,0.0,0.0,0.0,0.0,0.0,0.0,0.0,0.0,0.0,0.0,0.0,0.0,0.0,0.0,0.0,0.0,0.0,0,0,0.0,0.0,0.0,0.0,0.0,0.0,0.0,0.0,0.0,0.0,0.0,0.0,0,0,0.0,0.0,0.0,0,0.0,0.0,0.0,0.0,0.0,0.0,0.0,0.0,0.0,0.0,0.0,0.0,0.0,0.0,0,0.0,0.0,0.0,0.0
5148,Pedro Sousa,30,Portugal,0.0,180.0,True,True,2007,420848,0,0,0,0,100,100,162,148,1757,0,0.0,47.1,0.0,100.0,0.0,0.0,0.0,0.0,0.0,25.0,77.8,25.0,0.0,77.8,23.1,42.9,100.0,42.9,100.0,38.9,75.0,0.0,0.0,0.0,0.0,0.0,23.1,0.0,0.0,0.0,0.0,0.0,33.3,0.0,0.0,0.0,0.0,0.0,0.0,0.0,20.0,40.0,0.0,23.5,11.8,35.3,29.4,50.0,25.0,0.0,0.0,0.0,25.0,0.0,0.0,0,0.0,0,0.0,0.0,0,0,0,0,0,0.0,0.0,0.0,0,0,0,0,0.0,0.0,0.0,0.0,0.0,0.0,0.0,0.0,0.0,0.0,0,0.0,0.0,0.0,0.0,0.0,0.0,0,0.0,0.0,0.0,0.0,0.0,0.0,0.0,0.0,0.0,0.0,0.0,0.0,0.0,0.0,0.0,0.0,0.0,0.0,0,0,0.0,0.0,0.0,0.0,0.0,0.0,0.0,0.0,0.0,0.0,0.0,0.0,0,0,0.0,0.0,0.0,0,0.0,0.0,0.0,0.0,0.0,0.0,0.0,0.0,0.0,0.0,0.0,0.0,0.0,0.0,0,0.0,0.0,0.0,0.0
5565,Vasek Pospisil,28,Canada,0.0,193.0,True,True,2007,5287905,0,0,0,0,101,25,98,37,1962,351,46.9,5.3,40.0,0.0,34.3,0.0,40.7,0.0,41.2,46.5,47.4,41.8,45.5,73.0,14.5,44.9,40.0,41.0,46.8,42.6,40.4,16.7,11.1,13.3,16.4,29.2,37.3,0.0,0.0,16.7,37.5,38.5,50.0,38.3,39.4,0.0,38.0,39.6,53.1,40.0,35.3,28.6,0.0,25.1,16.0,22.9,36.0,21.6,9.8,9.8,11.8,19.6,27.5,50.7,2.07,88,44.6,617,0.58,0.9,806,17900,138,62,40,0.84,0.45,82.3,1949,235,44,697,0.86,32.5,3.68,57.6,0.41,75.8,0.99,0.91,6.4,0.46,3016,61.9,18.7,1.41,11.5,63.7,0.95,6183,10.02,0.59,1.26,9.6,44.6,0.95,36.4,0.97,95.0,44.9,14.9,0.89,3.6,36.9,10.3,65.1,1.9,22.4,99,275,0.91,37.4,0.85,3.9,0.74,33.0,1.01,0.73,63.6,6.5,2.63,26.3,44,36292,48.8,4.4,42.1,1153,0.95,0.28,18.7,6.28,2.35,3.71,164.2,6.33,6.1,2.63,2.3,25.6,0.95,2.23,2117,49.3,2.04,5.3,1.1
